testo,label
"Elden Ring - La recensione completa | # Elden Ring - Recensione. Sono due però le grandi anime di *Elden Ring*: una è più ancorata al passato di FromSoftware, ed è quella che riprende tutte le meccaniche e le situazioni a cui ci hanno abituato, e che si mostra ogni volta che ci muoviamo a piedi all’interno di dungeon e castelli e ogni volta che affrontiamo uno dei tantissimi boss che popolano il mondo di gioco. Meccaniche, queste, che sono ben note a chi gioca ai *Souls* da tanti anni, ma che ogni volta vengono rimaneggiate e modificate leggermente tra un gioco e l'altro, e che anche qui richiederanno un po' di ore di abitudine per prenderci la mano e riuscire a sentirsi sicuri dei valori ottenuti, dei timing per far partire un colpo e così via: **è spesso questione di pochissimi frame, esattamente come avviene con parry e backstab, che hanno finestre più o meno larghe a seconda delle armi e degli scudi che stiamo utilizzando e dei nemici che stiamo attaccando**, ma funzionano benissimo e una volta imparati bene i tempi mi sono parsi i più precisi mai fatti da FromSoftware in tutti i suoi giochi.",1
"Una Recensione Definitiva con Chiarezza Profonda : r/Eldenring | # Elden Ring: Una Recensione Definitiva con Chiarezza Profonda : r/Eldenring. Skip to main contentElden Ring: Una Recensione Definitiva con Chiarezza Profonda : r/Eldenring. # Elden Ring: Una Recensione Definitiva con Chiarezza Profonda. Pertanto, la serie _Dark Souls_ non solo ha raccolto un seguito di culto, ma è stata anche consacrata come una sorta di vangelo dei videogiochi, uno standard contro cui tutti vengono misurati. Per questi fan accaniti, la loro abilità nei videogiochi - spesso misurata dal numero di volte in cui hanno platinato _Dark Souls 3_ mentre si vantano delle loro 35.000 ore di gioco registrate su Steam - è diventata una strana medaglia d'onore, una pietra angolare della loro identità di giocatore. Ho fatto un voto per completare questo gioco per capire meglio il fenomeno culturale, ma non mi sono divertito per una buona parte della mia partita e se non fosse stato per il mio voto l'avrei disinstallato in molte occasioni. # Che tipo di gioco è questo?",1
"ELDEN RING NIGHTREIGN RECENSIONE: l'Interregno in Multigiocatore! | ELDEN RING NIGHTREIGN RECENSIONE: l'Interregno in Multigiocatore! Multiplayer.it 282000 subscribers 379 likes 14781 views 28 May 2025 La recensione di Elden Ring Nightreign, il primo vero gioco pensato per il multiplayer che porta nell'Interregno un'inedita esperienza cooperativa. VI raccontiamo le nostre impressioni dopo svariate ore passate sull'attuale versione del gioco di Fromsoftware. L'uscita di Elden Ring Nightreign è prevista per il 30 maggio 2025 su PC e console. ---- #eldenringnightreign #eldenring #recensione ---- Indice: 00:00 Elden Ring Nightreign RECENSIONE 00:37 La notte di Nightreign 03:10 La Spedizione 07:43 Gameplay 10:26 Un’esperienza per tutti? 11:28 Commento Finale  👍 Se vi piacciono i video che realizziamo, iscrivetevi al canale YouTube e attivate le notifiche (cliccando sulla campanella) per restare aggiornati in tempo reale su tutti i nostri contenuti legati al gaming.   ► ISCRIVITI AL CANALE YOUTUBE: http://bit.ly/2EojR7w  Per tutti gli aggiornamenti e le novità sui vostri videogiochi preferiti seguite il sito di Multiplayer.it  ► Multiplayer.it: http://www.multiplayer.it ► Facebook: https://www.facebook.com/multiplayer.it ► Twitter: https://twitter.com/Multiplayerit ► Instagram: https://www.instagram.com/multiplayer.it ► Twitch: https://www.twitch.tv/multiplayerit 116 comments",1
"Silent Hill 2: un'analisi psicologica delle paure di James Sunderland | 2. Silent Hill 2 Remake. # Silent Hill 2: un'analisi psicologica delle paure di James Sunderland. Silent Hill 2: la psicologia di James Sunderland. * *Silent Hill 2 Remake**Silent Hill 2 Remake***. Se c'è un videogioco che mette in mostra **un'intelligenza narrativa senza pari** e che per anni è rimasto impresso nelle menti di molti, quello è sicuramente Silent Hill 2 (qui l'anteprima sul remake di Silent Hill 2), un titolo che ospita al suo interno argomenti difficili, creando un luogo in cui il trauma e l'insicurezza costituiscono la base delle paure del protagonista. Nel titolo di Capcom, infatti, la chiave di volta dell'orrore è rappresentata da una schiera di orridi abomini da combattere e annientare, mentre l'opera di Team Silent mostra sin da subito un'essenza ben più complessa, e sonda il subconscio - di cui i mostri sono una metafora vivida e palpabile - per ottenere **un effetto catartico junghiano**. La trama di Silent Hill 2 ruota attorno a James Sunderland, che arriva a Silent Hill dopo aver ricevuto una lettera dalla moglie Mary, morta tre anni prima.",1
"Análisis Silent Hill 2 Remake: Una fascinante recreación del icónico survival horror de Konami... y una ampliación | # Análisis Silent Hill 2 Remake: Una fascinante recreación del icónico survival horror de Konami... y una ampliación (PS5, Xbox Series X, PC). Los tentáculos de lo que logró en su día, tanto en diseño como en narrativa, se siguen apreciando en otros títulos del género y en estudios de desarrollo al completo. En la obra de Bloober Team, un equipo hasta ahora dedicado a títulos pequeños y medianos, se nota el peso del juego de Konami. Precisamente la empresa polaca, en colaboración con la japonesa y más de una decena de estudios de externalización que aparecen en los créditos, es la encargada de este **Silent Hill 2 Remake**, una respetuosa **modernización y ampliación del juego de terror psicológico** centrado en los puzles, la ambientación, la narrativa, y también la acción. La revisión se adapta a los tiempos que corren en el género, siguiendo el librillo de Resident Evil 2 Remake más allá de la nueva perspectiva con la cámara al hombro.",1
"SILENT HILL 2 (REMAKE) - Gameplay ITA e analisi CON SPOILER! - Ep. 1: Welcome... back to Silent Hill | SILENT HILL 2 (REMAKE) - Gameplay ITA e analisi CON SPOILER! - Ep. 1: Welcome... back to Silent Hill Lunar Morrigan Arts 608 subscribers 10 likes 245 views 18 Feb 2025 CIAO. Ebbene, sì. Rieccomi. Dopo 10 anni torno a Silent Hill con James. L'emozione che provo è indescrivibile e non vedo l'ora di buttarmi in questo meraviglioso incubo. ATTENZIONE: dal momento che voglio approcciarmi al gameplay con spirito critico, analitico e di comparazione col gioco originale, ci saranno SPOILER! Questo gameplay è adatto a chi conosce già la trama e ha voglia di sviscerare dettagli e differenze col gioco originale.  Per chi non lo sapesse, tanto, TANTO tempo fa ho giocato anche Silent Hill 2 originale. L'ho anche analizzato in un video recensione separato (che vale tutt'ora per trama e simbolismi, ad oggi ancora il mio video più visto). Se siete curiosi, vi lascio qualche link:  PLAYLIST - https://www.youtube.com/playlist?list=PLgg84-K6fyqrX8ZwNZfglbOgaz55VY1hx ANALISI - https://youtu.be/Bt_RI8ZJSjY?si=f4pIeSPK39YUQzgf 6 comments",1
"Here's a First Look at Hades 2 Gameplay Mechanics | # Here's a First Look at Hades 2 Gameplay Mechanics. If you don't have a chance to join Hades 2's technical test, you definitely won't miss anything. As the summer early access of Hades 2 is getting closer, we're receiving more and more updates from the developer, Supergiant Games. Soon Supergiant Games will choose the lucky ones to take part in a technical test, and we all perfectly know that not all of us can be these testers. So, to make sure that everyone sees how the game runs, the developer shared a lengthy stream, where they showed what we can expect from the game. This stream showcased the first major area of Hades 2, offering a glimpse into new mechanics, diverse characters, and fresh features that hint at the gameplay experience. If you haven't yet added the game to your wishlist, it may be the perfect timing to do so.",1
"Qualcuno mi può spiegare come 'funziona' Hades 2? : r/HadesTheGame | Skip to main contentQualcuno mi può spiegare come 'funziona' Hades 2? Ho giocato un sacco a Hades 1 e ho fatto run a calore medio con tutte le armi (tranne alcune di quelle che richiedono un sacco di sangue di titano). Tutti dicono che non dovresti giocarci come a Hades 1, e va bene, ma allora come ci giochi? Ci sono un sacco di nemici con attacchi multi-hit (compreso il boss del primo stage) che se sbagli una volta ti tolgono tipo mezza barra della vita, dato che non ci sono I-frame e la schivata sembra molto più lenta. La prima volta che ho ucciso la preside ci ho messo più tempo che a battere Hades con lo scudo). Ma penso sinceramente che il tuo più grande ostacolo (soprattutto in base a cose come 'i nemici hanno troppa salute' e 'mi sento di non fare danni') sia dovuto al fattore comparativo di quanto sei arrivato in Hades 1.",1
Gameplay mechanics/Hades II - Hades Wiki - Fandom | This page covers the basic Gameplay Mechanics of Hades II. It also functions as a glossary of terms.,1
"Cyberpunk 2077: approfondiamo la lore e la storia di Night City | # Cyberpunk 2077: approfondiamo la lore e la storia di Night City. Come nasce la società di Cyberpunk 2077? Vi raccontiamo tutta la storia avvenuta nei settant'anni precedenti alle vicende di V tra le strade di Night City. Quella che ha generato le ceneri dalle quali il nuovo mondo si è rialzato, quella che ti raccontiamo oggi prima di cominciare il tuo maledetto cammino tra le strade di Night City: la nostra fonte è '**Il mondo di Cyberpunk 2077**', una sontuosa enciclopedia sulla lore del capolavoro di CD Projekt RED (leggi qui la recensione di Cyberpunk 2077 se l'hai persa), pubblicata in Italia da Panini Comics. Ora, *choomba*, il fatto è che di fronte ad un'apocalisse le risorse primarie come l'acqua e la certezza di una stabilità economica diventano la principale fronte di contesa per chi rimane escluso da un sistema del genere. Il Ventunesimo secolo iniziava così: con la fine del mondo per come l'hai sempre conosciuta e con l'inizio della **Quarta Guerra Corporativa**, quella da cui di fatto nacque il Cyberpunk.",1
"Cyberpunk 2077. Claves sobre su historia, universo y lore, tras vivir ... | El submundo de Cyberpunk está poblado por gentuza que intenta hacerse un nombre en las cloacas de la humanidad. Prostitución, narcotráfico y",1
Il Collasso - Il Mondo di Cyberpunk 2077 Lore ITA Ep1 - YouTube | Comments · La Quarta Guerra Corporativa - Il Mondo di Cyberpunk 2077 Lore ITA Ep2 · After Awakening in a Disgraced Prince's Body He Begins His,1
"The Last of Us: Parte I - Recensione | The Last of Us: Parte I. “*Quello di **The Last of Us** è un mondo senza più speranza. L'umanità è spacciata, distrutta da un'infezione virulenta e brutale: un nuovo ceppo di funghi parassiti, i Cordyceps, che si diffonde nell'aria attraverso una nuvola leggera di spore letali. Non c'è un vaccino, non c'è una cura, nessun metodo di contenimento. Il mondo di **The Last of Us**, insomma, non ha futuro: l'infezione ha decimato la popolazione mondiale, e prima o poi tutto finirà. Nel mondo post-pandemico di The Last of Us non c'è più il sogno, l'illusione di una prospettiva futura. Scrivevo così, nove anni fa, per raccontare quello che ancora oggi trovo uno degli elementi più importanti del gioco di Naughty Dog, ovvero la volontà di mettere in scena un mondo feroce e impietoso, di rimuovere la speranza dall'equazione. In The Last of Us **la sconfitta era ormai innestata nel DNA degli uomini, nel tessuto della società**, e questo aveva un effetto potente sui personaggi: estremi, crudeli, disumani.",1
"The Last of Us - Stagione 2 - La recensione | # The Last of Us - Stagione 2 - Recensione. Sulla trama preferisco andarci pianissimo per non rovinare la festa a chi, magari, è a digiuno del materiale di partenza, anche perché la prima stagione ha intercettato moltissimi spettatori avulsi dal mondo dei videogiochi per i quali *The Last of Us* è apparsa 'soltanto' come una serie drammatica di ambientazione postapocalittica. **La prima stagione, come già accennato, poteva contare su un materiale decisamente 'adattabile', poggiato su una struttura a tappe in stile road movie e basato sull'evoluzione del rapporto tra Ellie e Joel**; un canovaccio già esplorato da altri autori e fittamente frequentato anche dopo l'uscita del videogioco *The Last of Us*: così sue due piedi mi vengono in mente i film *Logan - The Wolverine*, *Light of My Life* e *The Creator*, la serie TV *The Mandalorian*, sempre con Pascal, e persino il fumetto *La terra dei figli*, scritto e disegnato da Gipi.",1
"The Last of Us: la recensione - Nocturno | **The Last of Us** è una serie tv del 2023, ideata da Craig Mazin e Neil Druckmann. Dietro la serie HBO si trovano Neil Druckmann, uno dei creatori del videogioco, e Craig Mazin, autore della notevole miniserie *Chernobyl,* prodotta per lo stesso canale: dall’unione delle due menti è venuto fuori un adattamento molto fedele all’originale, ma capace di attrarre anche il pubblico non fan. E a un primo sguardo, **The Last of Us** si presenta come una crasi tra il mondo postapocalittico infestato da zombi di *The Walking Dead* e il road movie intimista, emotivo, tra due personaggi, due generazioni lontane tra loro per età e motivazioni, sulla falsariga del *The Road* di Cormac McCarthy. Più che all’azione e allo splatter di *The Walking Dead*, per ritornare ai riferimenti poco prima citati, la serie preferisce aderire al racconto intimo mccarthyano: il mondo di **The Last of Us**è uno scenario in cui l’apocalisse – ossia l’avvento della pandemia – non solo ha piegato ogni struttura sociale e politica, di cui adesso vediamo solo alcuni residui dittatoriali, ma ha soprattutto troncato relazioni parentali, amicizie, amori.",1
"Spiegazione del finale - 'Submit Your Life' (Sottometti la tua vita) : r/bloodborne | # Spiegazione del finale - 'Submit Your Life' (Sottometti la tua vita) : r/bloodborne. Skip to main contentSpiegazione del finale - 'Submit Your Life' (Sottometti la tua vita) : r/bloodborne. # Spiegazione del finale - 'Submit Your Life' (Sottometti la tua vita). Nel finale 'Submit Your Life', il tuo personaggio si sveglia in una bella cittadina sotto un cielo azzurro e dimentica tutto ciò che è successo (da come ho capito). Questo significa che ciò che è accaduto nel gioco non è realmente accaduto nel 'mondo reale'? Image 3: Clickable image which will reveal the video player: The Cloudmonster Collection: the more energy you put in, the more energy you get back. > Nel finale in cui ti arrendi alla tua vita, il tuo personaggio si sveglia in una bella cittadina sotto un cielo azzurro e dimentica tutto quello che è successo (da come ho capito). Questo significa che quello che è successo nel gioco non è realmente accaduto nel 'mondo reale'?",1
"Bloodborne ~ Guida ai finali - Pick a Quest | Bloodborne, come ogni Soulslike, ha diversi finali che possiamo sbloccare alla fine dell’avventura. Due di questi finali sono ottenibili dallo stesso punto di trama, mentre per il terzo si dovrà compiere un percorso un po’ più complesso. 2l02f4cb** Una volta che verremo riportati al sogno del cacciatore e trovata l’officina in fiamme, l’Automa ci dirà che Gehrman ci sta aspettando ai piedi del Grande Albero. Se accetteremo, verremo decapitati ai piedi dell’albero, per poi vedere un filmato in cui il giocatore si sveglia in una piazza di Yharnam mentre sorge il sole. Alla fine noi prenderemo il posto di Gehrman, e faremo da guida a tutti i cacciatori che si avventureranno nel sogno da lì in poi. Per poter accedere a questo finale, dovremo prima impossessarci di almeno tre dei quattro pezzi di cordone ombelicale presenti nel gioco. Da qui, superate la stanza con il vecchio su sedia a rotelle e uscite a sinistra, dove troverete una passerella che condurrà ad un’altra torre.",1
"Finali e Platino Bloodborne Guida Platino Completa 42 | Finali e Platino Bloodborne Guida Platino Completa 42 Tecchizzato 35400 subscribers 188 likes 3995 views 31 May 2025 Benvenuti cacciatori! Questa playlist è la guida definitiva al Platino di Bloodborne, perfetta anche per chi affronta il gioco per la prima volta. Ogni episodio accompagna passo dopo passo attraverso l’intera avventura, compreso il DLC The Old Hunters, senza tralasciare boss opzionali e aree segrete.  La guida copre tutto ciò che serve per ottenere il trofeo di platino, spiegando le strategie migliori per sconfiggere i nemici più ostici, approfondendo le meccaniche di gioco e svelando i segreti nascosti di Yharnam. Il combattimento frenetico e l'atmosfera gotica rendono Bloodborne un’esperienza unica, e questa serie aiuterà a padroneggiare ogni aspetto del gioco, dalla build ideale alle scelte cruciali per completare il percorso al cento per cento.  Bloodborne è un action RPG sviluppato da FromSoftware e pubblicato da Sony nel 2015. Il gioco è ambientato nella città decadente di Yharnam, un luogo oscuro e infestato da creature orribili, dove il protagonista, un cacciatore in cerca del misterioso sanguesmunto, si ritrova intrappolato in un incubo sempre più profondo. Con un gameplay basato sulla velocità e sull’aggressività, il titolo si distingue per il suo stile gotico-lovecraftiano e una difficoltà che metterà alla prova anche i giocatori più esperti.  Se questa guida ti è utile, ti invito a lasciare un like, iscriverti al canale e attivare la campanella per non perdere i prossimi video. Nei commenti puoi condividere dubbi, strategie o semplicemente farmi sapere cosa ne pensi del gioco! Se vuoi supportare ulteriormente il canale, puoi abbonarti per ottenere vantaggi esclusivi oppure usare il mio link Amazon affiliato per i tuoi acquisti, un piccolo gesto che aiuta tanto senza costi aggiuntivi.  Prepara le tue armi, affina i riflessi e addentrati in un viaggio indimenticabile attraverso uno dei capolavori di FromSoftware. Goditi la tua avventura a Yharnam e buona caccia! 😊  📘 Visita il nostro Blog https://tecchizzato.it  📢 Annunciamo gli orari delle live su: Instagram: https://www.instagram.com/tecchizzato/ Facebook: https://www.facebook.com/tecchizzato  🎮 Live anche su Twitch https://www.twitch.tv/tecchizzato  🔧 Affiliazioni Pagina Amazon: https://amzlink.to/az0IjbLgaI5mC Cosa uso per lo streaming: https://amzlink.to/az0GBwJ2Tn7yb Nuovo PC: https://amzlink.to/az0cnVFu4pVqJ  ⭐ Abbonati al canale https://www.youtube.com/channel/UCyzaeEUqkpuzkMVqi5gFu0Q/join  00:00 Introduzione 00:33 Alba di Yharnam 03:40 Rispettare i desideri 08:35 Inizio dell'infanzia 14:32 New Game + 20:05 Platino 22:33 Autopromozione😊  Items importanti Stemma del vecchio cacciatore 7:04 12:07 Lama della sepoltura 20:04  Come fare il backup delle partite https://youtu.be/aV0dwNKz_B0 Guida al Farming delle Fiale di Sangue https://youtu.be/MNlluNCygdE Playlist completa: https://www.youtube.com/playlist?list=PLsqaJ46jwOKGWA_b1STY63_sIHh1v8z5F  #Bloodborne #BloodborneITA #LetsPlay #souls #soulslike #fromsoftware #walkthrough 58 comments",1
"Final Fantasy XV Community Reviews - IGN | # Final Fantasy XV. A solid Final Fantasy game set in an impressive world. Not the best in the lineup, but certainly not the worst. I'm a Final Fantasy fan, so I came into it with a mindset of finishing it. I forgave a lot of the inconsistencies in the game (missing lore, combat, side quests, platforming, second half of the game). I did enjoy it a lot primarily because of the characters and their interactions, and as cheesy as they may be at times, it was amazing to see the progression. I enjoyed it overall, but I would enjoy it a lot less if it wasn't a Final Fantasy game. If a road trip was a game. FF15 gave me the feeling that I was on a road trip as a kid. Something I did not expect to experience in a game. Final Fantasy XV takes some risks that don't always pay off, but the strong quartet of heroes give it tons of heart.",1
"'Final Fantasy 15' Review roundup: 'IGN,' 'Polygon' and 'Kotaku' critics weigh in | # 'Final Fantasy 15' Review roundup: 'IGN,' 'Polygon' and 'Kotaku' critics weigh in. The game is set to officially release for PS4 and Xbox One on Nov. 29, and reviews for the open-world fantasy RPG are starting to trickle out from all the big gaming outlets. Here's what the critics are saying about *Final Fantasy 15*. ### *Final Fantasy 15* review roundup: A new era for one of gaming's longest-running franchises. > Final Fantasy 15's own opening text describes it as 'a Final Fantasy for fans and newcomers alike.' The game contains pieces sure to disappoint players in both camps, but it also provides a refreshingly human take on the classic RPG journey that I hope will inspire future games in the franchise. I'd like to say it's an elegant fusion of the two, but in reality it's more of a duality — a conflict that reaches into nearly every aspect of Final Fantasy XV. In his review for *Kotaku*, Jason Schreier said *Final Fantasy 15* feels like a response to complaints about previous *Final Fantasy* games:.",1
"Final Fantasy XV Review | Final Fantasy XV Review IGN 19800000 subscribers 17274 likes 2078653 views 28 Nov 2016 Square's storied RPG franchise gets its first single-player, numbered entry in seven years. Here's how it turned out.  Watch more IGN Game Reviews here! https://www.youtube.com/watch?v=fcjOERplCgU&index=1&list=PLraFbwCoisJBTl0oXn8UoUam5HXWUZ7ES  5 Minutes of Fighting Final Fantasy 15's Leviathan https://www.youtube.com/watch?v=SpA_rwzy7XM  Final Fantasy 15: Chocobo Racing https://www.youtube.com/watch?v=zfCnhpp4TUk  Saving A Cat in Final Fantasy 15 https://www.youtube.com/watch?v=MI__j-qn-FQ  Final Fantasy 15: Hunting A Deadeye https://www.youtube.com/watch?v=wREu59Untt0  ------------------------------­---- Follow IGN for more! ------------------------------­----  YOUTUBE: https://www.youtube.com/user/ignentertainment?sub_confirmation=1 IGN OFFICIAL APP: http://www.ign.com/mobile FACEBOOK: https://www.facebook.com/ign TWITTER: https://twitter.com/ign INSTAGRAM: https://instagram.com/igndotcom/?hl=en WEBSITE: http://www.ign.com/ GOOGLE+: https://plus.google.com/+IGN  #ign #finalfantasy15 #ffxv 3579 comments",1
"Combat | Sekiro Shadows Die Twice Wiki | *   [](https://sekiroshadowsdietwice.wiki.fextralife.com/Combat#). *   [](https://sekiroshadowsdietwice.wiki.fextralife.com/Combat#). *   [](https://sekiroshadowsdietwice.wiki.fextralife.com/Combat#). *   [Unlock](https://sekiroshadowsdietwice.wiki.fextralife.com/Combat). [Perilous Attacks](https://sekiroshadowsdietwice.wiki.fextralife.com/Perilous+Attacks 'Sekiro Shadows Die Twice Perilous Attacks') are special abilities that cannot be guarded, and a red Kanji meaning 'Danger' flashes over Sekiro's head to indicate when an enemy is performing them. Sekiro can Deflect the attack, or better yet use[Mikiri Counter](https://sekiroshadowsdietwice.wiki.fextralife.com/Mikiri+Counter 'Sekiro Shadows Die Twice Mikiri Counter')for even more Posture damage. [Poise](https://sekiroshadowsdietwice.wiki.fextralife.com/Poise 'Sekiro Shadows Die Twice Poise') is hidden value in Sekiro for bigger enemies (Ape, Ogre ,Hatred Demon, Taros) that allows to not get stunned when taking a single attack. This ability is available for free once every time Sekiro rests at a [Sculptor's Idol](https://sekiroshadowsdietwice.wiki.fextralife.com/Sculptor's+Idol 'Sekiro Shadows Die Twice Sculptor's Idol'), and additional charges are powered by defeating enemies in combat or by using certain rare Quick Items. *   [Loaded Shuriken](https://sekiroshadowsdietwice.wiki.fextralife.com/Loaded+Shuriken 'Sekiro Shadows Die Twice Loaded Shuriken'): Projectiles to attack enemies. *   [Loaded Umbrella](https://sekiroshadowsdietwice.wiki.fextralife.com/Loaded+Umbrella 'Sekiro Shadows Die Twice Loaded Umbrella'): A defensive 'shield' to guard against some incoming attacks.",1
"Help, I'm new. Can someone help me better understand the combat system? : r/Sekiro | # Help, I'm new. Image 1 Go to Sekiro. Image 2: r/Sekiro - Help, I'm new. It also seems like you don't need to farm souls or anything like that anymore. I don't know how to use some kind of sweets that appear around the map. When I press and hold the block button (LB), the enemy is blocked. Then, if I press it at the exact moment, it performs a kind of parry that fills their gauge. With some bosses, like the first boss on horseback, when I hold the button down, I sometimes take damage even though I'm blocked. And if the opponent's posture bar fills up, can I just 'execute' them? Or do I have to wait for their health to drop? I'm sorry for so many questions, but this game has a much more complex and technical combat system than Dark Souls. Just remember that it’s a game and that there’s no medal for beating it in record time on your first try.",1
"Steam Community :: Guide :: Sekiro's Combat Basics | Get the Steam Mobile App. All trademarks are property of their respective owners in the US and other countries. It is only visible to you. Sekiro is a great but difficult game and some players might have trouble coming to terms with its combat systems and possibly, being ashamed to admit that they are getting their ass kicked and not having much fun. You can resort to using a cheat engine but it really defeats the purpose of the game which is to feel the joy of overcoming a difficult challenge. As a Souls Veteran with hundred fo hours of play across all games , from Demon Souls to Bloodborne, it took me around 5 hours to come to fully understand how Sekiro combat system works and a full playthrough to really master it. If you feel that way, chances are that you will probably enjoy Sekiro very much because it is a game built around this philosophy.",1
"Zelda Tears of the Kingdom RECENSIONE: Capolavoro Switch! | Zelda Tears of the Kingdom RECENSIONE: Capolavoro Switch! Multiplayer.it 282000 subscribers 2769 likes 110745 views 11 May 2023 The Legend of Zelda: Tears of the Kingdom si rivolge in uguale misura ai vecchi e ai nuovi appassionati, mettendo sul piatto un'impressionante mole di contenuti per poi ricamare la propria identità attorno alle fondamenta del primo, storico capitolo: l'avventura e la meraviglia.  Ma è davvero possibile oltrepassare una rivoluzione dirompente come quella portata da Breath of the Wild? Questa è la grande domanda a cui proveremo a rispondere in questa recensione con voto. Mettetevi quindi comodi e godetevi la nostra approfondita analisi del gioco.  Il riassunto della storia di Zelda Breath of the Wild: https://www.youtube.com/watch?v=BfiSs5l8xGU ---- #thelegendofzelda  #zelda  #zeldatearsofthekingdom  ---- 00:00 La recensione di Zelda Tears of the Kingdom 01:18 Si gioca, sempre 03:05 Struttura e narrativa 04:49 Una nuovo Hyrule: l'ambientazione 08:26 Rivoluzione gameplay 10:41 Arte e tecnica 12:53 Commento finale  👍 Se vi piacciono i video che realizziamo, iscrivetevi al canale YouTube e attivate le notifiche (cliccando sulla campanella) per restare aggiornati in tempo reale su tutti i nostri contenuti legati al gaming.   ► ISCRIVITI AL CANALE YOUTUBE: http://bit.ly/2EojR7w  Per tutti gli aggiornamenti e le novità sui vostri videogiochi preferiti seguite il sito di Multiplayer.it  ► Multiplayer.it: http://www.multiplayer.it ► Facebook: https://www.facebook.com/multiplayer.it ► Twitter: https://twitter.com/Multiplayerit ► Instagram: https://www.instagram.com/multiplayer.it ► Twitch: https://www.twitch.tv/multiplayerit 627 comments",1
"▶ LA RECENSIONE PIÙ ONESTA CHE TROVERAI DI ZELDA TOTK *NO SPOILERS* | ▶ LA RECENSIONE PIÙ ONESTA CHE TROVERAI DI ZELDA TOTK *NO SPOILERS* Frankie's Lair 31200 subscribers 464 likes 8724 views 31 May 2023 80 ore di gioco *certificate* dalle mie Live, Ho finito Zelda Tears of the Kingdom col True Ending ed oggi sono qui a portarvi la recensione più onesta che potrete mai trovare riguardo questo titolo, perchè sono un semplice appassionato che parla ad altri appassionati. Nominato da molti come il miglior gioco della storia di Nintendo Switch, ecco cosa ne penso:  00:00 - Disclamer Importantissima! 00:30 - Introduzione a Zelda Tears of the Kingdom 01:03 - I nuovi poteri e l'isola Tutorial 05:48 - Ambienti ed Esplorazione di TOTK 09:24 - Il Combat System di TOTK 12:50 - Cucinare e Curarsi in Zelda TOTK 14:31 - Una storia migliore di Breath of the Wild? 15:53 - Prestazioni Tecniche e Grafiche di TOTK 16:42 - Colonna Sonora 19:08 - Collezionabili e Subquests 19:44 - Verdetto e Voto  Ringrazio il mio caro amico Daniele Di Clemente di GAMEPRO per avermi dato una mano con la revisione della recensione.  Le mie Prime Impressioni su Zelda Tears of the Kingdom: https://youtu.be/u7Qy5IUX5xk  Difetti del Battle System: https://youtu.be/lewy2bBEsqA  -= LINK UTILI =- ▶ Vuoi Supportare il Canale? https://acesse.dev/Q0oJn ▶ Seguimi ogni sera LIVE: https://acesse.one/tsgZD  CLASSIFICHE ▶ https://acesse.dev/XWHVl RECENSIONI ▶ https://encr.pw/SkmDo  ▶ Retrospettiva FF9 https://youtu.be/Op0ztFgOIuI ▶ I 10 Migliori JRPG di SEMPRE https://youtu.be/tCbNVMYgk9I ▶ Documentario su DRAGON QUEST PARTE 1 https://youtu.be/YSGhwz7pxF8 PARTE 2 https://youtu.be/1gU42o6uHrs PARTE 3 https://youtu.be/hdQ7ffpxG1k ▶ Retrospettiva Suikoden https://youtu.be/5L-RuRGBR-k ▶ Retrospettiva Chrono Trigger https://youtu.be/o7K3yFC_YRc ▶Tutte le RETROSPETTIVE https://acesse.dev/1QGhI  LE AVVENTURE DEL PICCOLO FRANKIE: Episodio 1 Game Boy: https://youtu.be/E-4Jgz3T5Is Episodio 2 Sega Master System: https://youtu.be/71eZYB3AtT0 Episodio 3 Sega Mega Drive Platform: https://youtu.be/gRv1Q4-BDOM Episodio 4 Sega Mega Drive Picchiaduro: https://youtu.be/_Wd_y08Aa_c Episodio 5 Sony Playstation 1: https://youtu.be/K2Y3_d1u2CQ  ▶ TI PIACE LA MIA T-SHIRT? LA TROVI QUI: https://pampling.com Inserisci il CODICE PROMOZIONALE: FRANKIE per avere un paio di calze in REGALO!  ▶ GRUPPO TELEGRAM Se vuoi essere inserito scrivimi su Instagram @frankieslair ▶ ▶ Canale OFFERTE RARE RPG https://t.me/frankieslairTG ▶ ▶ Canale GAMEPLAY https://youtube.com/c/frankieslairgameplays ▶   #zelda  #zeldatotk   #nintendo    #VIDEOGIOCHi #VIDEOGAMES #GDR #nsw  #nintendoswitch  #switch  #frankieslair 580 comments",1
"The Legend of Zelda: Tears of the Kingdom - La recensione | # The Legend of Zelda: Tears of the Kingdom - Recensione. In un mondo fatto di mode come quello dei videogiochi, la grande N va testardamente per la sua strada, investendo le sue risorse con logiche apparentemente imperscrutabili che danno vita alla cosiddetta 'Nintendo difference'. *The Legend of Zelda: Tears of the Kingdom* è uno degli esempi più eclatanti di questo concetto: è **un gioco eccezionale, potente e coraggioso, con un'identità così forte che ci obbliga a guardare con occhio critico tutto il resto dell'industria videoludica**. Sì, perché mentre si plana sull'Hyrule di *Tears of the Kingdom* è inevitabile confrontare l'esperienza con quella di tutti i grandi giochi 'tripla A' usciti negli ultimi anni. *Tears of the Kingdom* è il seguito di *The Legend of Zelda: Breath of the Wild*, uscito nel 2017, con il quale condivide l'ambientazione, moltissimi asset e il mondo di gioco.",1
"Persona 5 Royal, la versione definitiva del videogioco Atlus - VisiThors | Non ho mai giocato un titolo della serie Persona prima di questo né tantomeno ad un altro titolo appartenente alla Megami Tensei series, ammetto che mi sono avvicinato a Persona 5 per alcuni semplici motivi che sono capitati al momento giusto: ne avevo sentito ben parlare all’uscita, rimanendo quindi in quel limbo di giochi che si conoscono di fama ma dei quali non si ha nemmeno visto un frame, un paio di miei amici me ne avevano parlato in tempi recenti, la Royal stava facendo clamore per le migliorie apportate e, infine, era in sconto su PSStore. Persone con una visione particolarmente distorta della realtà danno vita ad un Palazzo, nel quale la loro Ombra ne è il Signore e le altre vengono assoggettate ad essa: tale Palazzo è il luogo dove essi sentono di aver maggior potere e prende la forma del suo significato per la persona in questione; Kamoshida, ad esempio, vede la scuola come il suo castello, con le altre Ombre ridotte o come schiavi o come cavalieri al suo servizio.",1
"Persona 5 è uscito dal liceo e diventato Royal | Spoiler Zone — Outcast | *Una rubrica in cui parliamo di giochi, film, libri, la qualunque, a posteriori, senza farci alcun problema di spoiler.* ***Se non avete ancora 'consumato' ciò di cui si parla, in questo caso*** ***Persona 5*** ***e*** ***Persona 5 Royal******,******statene alla larga, perché qui potremmo svelarvi ciò che non volete sapere!***. È vero, Futaba è un hikkikomori e in gran parte del gioco si combattono tipi veramente loschi e nocivi per l'uomo comune, ma non ho visto una spiccata critica sociale, come ad esempio accade in *Persona 4*, dove l'accettazione di sé stessi e del diverso sono i temi cardine di tutto il gioco. È un personaggio che mi è piaciuto molto, perché va a riempire un vuoto di *Persona 5*, ovvero la persona neutrale, che considera poco di buono i bersagli dei Ladri Fantasmi ma non condivide il modus operandi dei protagonisti.",1
"Classifica dei Personaggi Giocabili di P5R (Opinione) : r/Persona5 | # Classifica dei Personaggi Giocabili di P5R (Opinione) : r/Persona5. Skip to main contentClassifica dei Personaggi Giocabili di P5R (Opinione) : r/Persona5. # Classifica dei Personaggi Giocabili di P5R (Opinione). Mano di Dio gli fa fare una quantità assurda di danni e il suo tratto, che può aumentare i danni fisici da un alto 40% a un folle 80%. Gli unici difetti che ho con lei sono che il suo tratto smette di essere buono dopo la metà del gioco, semplicemente non è buono come gli altri. Il problema più grande è che la sua terza abilità di risveglio, che colpisce come un camion (Più di Atomic flare di Makoto con boost e amp se vuoi confrontare i numeri di danno grezzi, e questo prima ancora di prendere in considerazione il bonus abbattuto, che ne raddoppia i danni), si impara solo l'ultimo giorno del gioco, e non è molto utile contro il boss finale secondo me, anche se è pazzesca per fare stile nelle sfide di battaglia della DLC velvet room.",1
"Nerd&Dev - L'esplorazione in Hollow Knight - I Love Videogames | Come si può vedere, dal momento in cui il giocatore porta a termine la prima parte del gioco, la grandezza della mappa è rivelata, con 11 aree",1
"Mappa/Traccia per i nuovi giocatori? : r/HollowKnight - Reddit | Il gioco iniziale è abbastanza lineare, esplorare il crocevia dovrebbe essere abbastanza semplice, poi una volta che ottieni il tuo primo",1
"Hollow Knight: la guida completa al gioco e alla sua lore - 4News.it | L' ordine di esplorazione delle mappe di Hollow Knight è assolutamente personale, e vincolato unicamente a quelle zone raggiungibili",1
God of War Ragnarök | God of War Ragnarök è un videogioco d'avventura e azione sviluppato da Santa Monica Studio e pubblicato da Sony Interactive Entertainment.,1
"God of War Ragnarök - Wikipedia | # *God of War Ragnarök*. | Series | *God of War 'God of War (franchise)')* |. It was released worldwide on November 9, 2022, for both the PlayStation 4 and PlayStation 5, marking the first cross-generation release in the *God of War* series 'God of War (franchise)'), and was released for Windows on September 19, 2024. It is the ninth installment in the series, the 10th chronologically, and the sequel to 2018's *God of War 'God of War (2018 video game)')*. Loosely based on Norse mythology, the game is set in mythical ancient Scandinavia and features series protagonist, Kratos 'Kratos (God of War)'), and his now teenage son, Atreus 'Atreus (God of War)'). Concluding the Norse era of the series, the story follows Kratos and Atreus' efforts to prevent the nine realms from being destroyed by Ragnarök, the eschatological event which is central to Norse mythology and was foretold to happen in the previous game after Kratos killed the Aesir god Baldur.",1
Category:God of War Ragnarök Characters | God of War Ragnarök Characters · A. Althjof · Alva · B Bari · Beigaðr the Feared · C Chaurli · Cobweb · D Dagr.,1
"THE NARRATIVE MASTERY OF RED DEAD REDEMPTION 2 – Malek's Blog | When compared with traditional linear games, RDR2 uses a nonlinear narrative structure that changes depending on the player’s choices, creating an emotionally engaging and captivating story. Examining how the game’s branching structure improves player immersion, influences Arthur Morgan’s growth, and strengthens the bond between players and the more general themes of morality and loyalty, this research will concentrate on the nonlinear narrative of the game. The nonlinear storytelling of RDR2 puts player choices above all else, enabling them to direct Arthur’s interactions and behavior while preserving the integrity of the primary plot. RDR2 makes sure that every decision advances Arthur’s development as a person, in comparison with strictly open-world games where quests can seem disconnected. RDR2 helps the player understand the significance of both social and personal changes by connecting nonlinear narrative to the game’s central themes. Rockstar Games crafts a very personal and powerful narrative experience by granting players agency over Arthur’s choices while strongly establishing the narrative around broad themes of loyalty and transformation.",1
"[PDF] Archetypal Analysis of Arthur Morgan's Moral Transformation | ELite Journal : International Journal of Education, Language, and Literature Volume 6 (1) 2026 ISSN: 2621-8127 (online) https://journal.unesa.ac.id/index.php/elite 86 Jungian Individuation in Red Dead Redemption 2: Archetypal Analysis of Arthur Morgan's Moral Transformation Mohammad Taaba Al Ayyubia* a Universitas Negeri Surabaya, Indonesia *Corresponding author. E-mail address: jokohood@gmail.com ABSTRACT This study analyzes Red Dead Redemption 2 as a modern literary work by examining archetypes and symbolic themes in one of its most emotionally impactful scenes, commonly referred to by players as the 'I'm Afraid' moment. Using Carl Jung's theories of archetypes and the process of individuation, the study examines two different versions of this crucial scenario: one with Sister Calderon and the other with Reverend Swanson, both of which demonstrate the main character's moral awakening. By combining narrative depth with player agency, Red Dead Redemption 2 is positioned not merely as a game, but as a compelling example of contemporary literary experience that invites active moral and psychological participation.",1
"Critical Analysis of Red Dead Redemption 2 | # Critical Analysis of Red Dead Redemption 2. Red Dead Redemption 2 was released on October 26th, 2018 by Rockstar Game, Inc. as a prequel to its predecessor, Red Dead Redemption, that was released 8 years earlier. It is difficult to place Red Dead Redemption 2 into any traditional genre. Red Dead can also be played in first- or third-person. The developers of RDR2 focused on making a game with a single-player story that made the player develop an emotional connection to the characters. The story is broken into 6 chapters and 2 epilogues, most of which is played as the main protagonist, Arthur Morgan. Given 8 years of development Red Dead Redemption 2 is an extremely detailed and beautiful game that cuts no corners. Due to the setting of Red Dead Redemption 2, the target audience is undoubtedly adults. Red Dead Redemption 2 has plenty of gameplay mechanics that may be considered untraditional.",1
"Dark Souls 3 - Soluzione tutti i boss (testi e video) | # Dark Souls III - Tutti i boss battuti. ### Guide e strategie per tutti i boss presenti nel gioco. Dark Souls 3 - Soluzione tutti i boss (testi e video) - Dark Souls III. Una guida a tutti i boss presenti in Dark Souls III, con suggerimenti e consigli su come affrontarli e video di gameplay per cercare di capire come muoversi e vedere quali sono le mosse più pericolose da evitare. Ma non sottovalutato per questo motivo, potrebbe sorprendervi, anche perché è uno di quelli che non è nascosto da una nebbia iniziale (troverete la nebbia davanti alla sua area solo se lo affrontate la prima volta e morite). In entrambi i casi il boss è affrontato da uno stregone con attacchi (magie a distanza). Se affrontato in questo modo, e cioè con attacchi a distanza (anche un arco può funzionare, nel caso), Gundyr è meno problematico, ma state comunque attenti al fatto che i suoi attacchi in salto possono raggiungervi, perché coprono una grossa distanza.",1
"Dark Souls 3:Guida/Classifica ai Boss | **REGOLE**  **Tengo conto del NG e della reazione alla prima giocata, in attesa del DLC e di stilarne un'altra più 'oggettiva' comprendente tutti i boss, quindi la sorpresa di trovarsi davanti ad un boss che non riusciamo a sconfiggere ma che in realtà è molto semplice viene tenuta in considerazione.**   **1)**   **SPOILER** (clicca per visualizzare)  **Diaconi delle profondità** dark-souls-3-diaconi-delle-profondit%C3%A0-boss  A differenza degli altri Souls qui mettere qualcuno al primo posto non è stato semplice. La realtà è che la meccanica di gioco è quella del **signore delle temepste di Demon's Souls, quindi un Boss Gimmick pure lui in parte, Gli attacchi Yhorm sono facilissimi da evitare, diventato un minimo pericolosi solo quando appunto si utilizza la spada 'signore delle tempeste(chiaro rimando)' che scagliando contro il gigante il potere dei venti lo spezzerà, togliendoli 30% di vita in un colpo e rendendo lo scontro molto semplice, Yhorm colpisce, voi schivate, caricate ed attaccate.**    **6)**  **SPOILER** (clicca per visualizzare)  **Vordt della valle boreale** dark-souls-3-boss-vordt-della-valle-boreale Vordt è un altro Boss di cui conoscevamo già le fattezze, tuttavia mi ha stupito, il primo nemico che usa il nuovo elemento(congelamento) e nella fase uno la sua lentezza me lo fece bollare come boss macchietta, nudo con la mia Uchigatana lo stavo massacrando, poi la fase II mi ha spaziato.",1
"Guida Dark Souls 3: Tutti i segreti - Everyeye.it | La guida di Dark Souls 3 targata Everyeye.it, per scoprire tutti i segreti e la soluzione del nuovo gioco From Software: finali extra, missioni secondarie, trofei da sbloccare, consigli per sconfiggere i boss e tanto altro ancora. Una volta acquistata la chiave per la torre per 20.000 anime dall'Ancella dell'Altare (la signora anziana seduta vicino al fabbro), potrete raggiungere la zona retrostante il palazzo dell'Altare del Vincolo e accedere a una piccola torre in rovina tramite la quale raggiungere la sommità dell'area e raccogliere l'anima di una guardiana del fuoco; consegnate quest'oggetto alla guardiana per ottenere l'opzione di rimozione del marchio oscuro. Una volta sconfitto Ocerios il Re Consumato, portatevi davanti al muro in fondo all'area dello scontro e colpitelo per rivelare un passaggio segreto; vi troverete in una versione oscura del Cimitero delle Ceneri (la zona all'interno della quale ha inizio il gioco), proseguite esattamente come avete fatto all'inizio, battendo Gundyr il Campione e raggiungendo la versione oscura dell'Altare del Vincolo.",1
"Baldur's Gate III - La recensione | # Baldur's Gate 3 - Recensione. Baldur's Gate III - La recensione - Baldur's Gate 3. Per molti anni, la serie di *Baldur's Gate* è rimasta ferma al secondo capitolo (o per essere più precisi, alla sua espansione *Throne of Bhaal*, che portava a termine la storia del protagonista), almeno fino all'annuncio un po' inaspettato di un terzo capitolo, realizzato non più da BioWare ma da Larian Studios, nota soprattutto per i due *Divinity: Original Sin*. Se è vero che sono cambiate tante cose da quando la saga faceva il suo esordio, nel genere dei giochi di ruolo, nell'industria in generale e pure all'interno della serie stessa con il nuovo episodio che non ha paura di prendere le distanze in diversi aspetti dalla formula dei predecessori (vedremo più nel dettaglio come più avanti), ciò che non è cambiato però è che, esattamente come i capitoli precedenti, anche *Baldur's Gate III* è **un gioco eccezionale e immenso, capace di lasciare fin da subito il segno sul mondo dei videogame e di imporsi come un nuovo grande classico dei giochi di ruolo per computer**.",1
"Baldur's Gate 3 - Recensione - PlayStationBit 5.0 | # Baldur’s Gate 3 – Recensione. *“L’eccellenza non è una destinazione; è un viaggio continuo che non ha mai fine.”*. Dopo un’attesa che è sembrata eterna, abbiamo potuto finalmente realizzare la recensione di quello che si candida come il miglior gioco dell’anno (e forse non solo). Stiamo ovviamente parlando dell’incredibile Baldur’s Gate 3 di Larian Studios. Metabolizzato il successo ottenuto su PC, forte di uno scintillante metascore di 96, il gioco di ruolo per eccellenza approda infatti anche su PlayStation 5, pronto a far sognare gli appassionati di Dungeons & Dragons. Partiamo da questi presupposti perché Baldur’s Gate 3 altro non è se non la sublimazione di tutto ciò. ## La storia di Baldur’s Gate 3. Nel bene o nel male, **Baldur’s Gate 3 rispetta in pieno questi canoni, proponendo con saggezza e tanti dettagli una storia che potrebbe tranquillamente essere la base per un libro** (o una collana, vista la lunghezza).",1
"Baldur's Gate 3 Recensione: un GDR magnifico, semplicemente senza pari | 2. Baldur's Gate 3. Baldur's Gate 3 è il sequel che abbiamo sognato per oltre un ventennio, un'esperienza che farà la gioia di tutti gli appassionati del genere. * *Baldur's Gate 3**Baldur's Gate 3***. Eppure, anche per una squadra così talentuosa e capace, l'obiettivo di produrre **una nuova incarnazione della serie di Baldur's Gate** (il nostro speciale sulla saga di Baldur's Gate è a portata di click) sembrava un compito titanico, una di quelle situazioni in cui basta davvero pochissimo per vedere un'opera ambiziosa crollare sotto il suo stesso peso, come un fragile castello di carte. Dopo quasi tre anni di accesso anticipato, serviti per calibrare al meglio la mole di contenuti inclusa nel gioco e limare quanto più possibile le numerose meccaniche implementate dallo studio, Baldur's Gate 3 è giunto alla sua versione definitiva e si è abbattuto come un uragano sul mercato, facendo registrare numeri da capogiro e una quantità indefinita di moti di giubilo.",1
"Alan Wake II - Wikipedia | Alan Wake II è un videogioco di genere survival horror in terza persona, a modificare la storia che lui ha scritto, inorridito punta la pistola e lo uccide.",1
"SPOILER Alan Wake 2 trama, finale e tematiche - Playstation / Sony | La storia affinché si realizzi prevede degli eroi e chi si sacrifichi un eroe in questo caso Alan. Tutto il viaggio è un viaggio interiore sulla",1
"Alan Wake 2 - La recensione - IGN Italia | Alan Wake 2 è il coronamento di un incubo iniziato tredici anni fa, lasciato a fermentare nell'oscurità e dato in pasto a chi da oltre un",1
"The Witcher Season 3 Ending Explained: Inside Geralt's Fate - Netflix Tudum | Henry Cavill as Geralt of Rivia, Freya Allan as Ciri and Anya Chalotra as Yennefer of Vengerberg. # *The Witcher* Season 3 Ending Explainer: What Happens to Geralt? For showrunner Lauren Schmidt Hissrich, *The Witcher* Season 3 is the culmination of the epic saga’s first two seasons — and an ominous prelude to a perilous Season 4, streaming now, in which the fate of the Continent is at stake. “Season 1 is culled from two books of short stories, and there were things we knew we had to lay out in order to understand the Continent, the kingdoms, the politics,” Schmidt Hissrich told Tudum ahead of the Season 3 premiere. It was building the stairsteps to what we were going to do in Season 3.”. Indeed, Season 3 of *The Witcher* finds Geralt (Henry Cavill), Ciri (Freya Allan), and Yennefer (Anya Chalotra) forming some semblance of a family while on the run from the Princess of Cintra’s enemies.",1
"The Witcher 3, spiegazioni del finale: come anticipa The Witcher 4 ... | Alla fine Ciri viene catturata da alcuni teppisti, ma viene salvata dal gruppo di ladri noto come The Rats. Dopo averli liberati, Ciri abbatte",1
"FINALE THE WITCHER 3, le mie sensazioni - Mass Effect | FINALE: Temeria viene ripristinata e i partigiani temeriani depongono le armi e riappendono i vecchi e cari gigli, che mi ricordano Foltest, nelle taverne e",1
"Mass Effect 2 (Xbox 360) - Recensione su MondoXbox | La trama risulta quindi molto semplificata, priva degli intrecci, intrigi politici e la continua sensazione di un grande pericolo incombente",1
"Recensione Mass Effect 2: Lair of the Shadow Broker - RPG Italia | La trama farà felici i fans della saga, che finalmente potranno far luce su uno dei personaggi pi ù misteriosi e allo stesso tempo presenti del",1
"Recensione Riflessiva di Mass Effect: Parte 2 - ME2 : r/masseffect | Semplicemente non ho trovato risposte convincenti alla trama di ME2, oltre alla necessità di un boss finale. Alla fine di ME1, avevamo",1
"Ghost of Tsushima Combat Explained: Samurai, Stances, and Shinobi | The combat system simply isn't set up that way. Instead, it's both a subtle game of Rock, Paper, Scissors and a test of skill to see how",1
"Combat | Ghost Franchise Wiki | Fandom | There is a progression system, with two playstyles: Samurai and Ghost. Jin will start out working on his techniques with the blade as he furnishes his combat",1
"How's the combat in this game? : r/ghostoftsushima - Reddit | The combat system definitely teaches you to be aware of your surroundings and footwork as you reposition for attack and defence. It's visceral,",1
"La recensione di Celeste - Multiplayer.it | Celeste è un grande platform bidimensionale, alpino e carismatico. Ha bei controlli, accompagnati da un level design eccellente per tutta la",1
"Celeste (Recensione) : r/patientgamers - Reddit | Celeste è tutto ciò che volevo da un platformer 2D moderno e molto altro. È dotato di un design artistico e di animazioni mozzafiato,",1
"I Fell in Love with Celeste • Masterpiece, the first 6/6 of 2018 | Recensione di Celeste, capolavoro indie al quale ho assegnato 6 ... platform 2D dal gameplay solido ed estremamente vario. Estetica",1
Remake Differences and New Features - Resident Evil 4 Guide - IGN | The Resident Evil 4 Remake includes several new features and differences compared to the classic versions of Resident Evil 4 first released in 2005.,1
"Resident Evil 4 Remake, cos'è cambiato dall'originale? - Multiplayer.it | L'originale era divertente ed esaltante, ma anche zeppo di assurdità, battutacce, e momenti ridicoli che spezzavano parecchio l'atmosfera; il",1
Resident Evil 4: 10 differenze tra l'originale e il remake | Resident Evil 4 remake: cosa cambia — · La cutscene introduttiva · Leon può accovacciarsi · Kill stealth · Il coltello può rompersi · Crafting.,1
"Horizon Zero Dawn Full Story Recap | Horizon Zero Dawn Full Story Recap GameSpot 5690000 subscribers 16332 likes 783561 views 13 Feb 2022 The story of the Horizon franchise is A LOT. There’s dense lore, a multitude of important characters, and plenty of earth-shattering revelations. And while the franchise is only really just getting started, we’ve had more than enough happen across a single game and its DLC expansion to warrant a story refresher. So whether you played Horizon Zero Dawn on release in 2017 or you’re just jumping in for Horizon Forbidden West, let’s break down the story so far.  The Horizon franchise plays out its grand narrative of tribal politics and robot dino-animal-things in the 31st century in the wake of a cataclysmic robot-apocalypse that has wiped out the majority of humanity. Those that have survived have formed tribes, and are living their lives largely devoid of the technological advancements of their predecessors, who are widely known as the ‘Old Ones’.   Horizon Zero Dawn features four of these tribes: The Nora - deeply religious warrior-hunters from the south, who worship at the altar of ‘All-Mother’ - a mystical mountain; the Carja, who reside in the bustling cities of the central deserts and revere the Sun God; the Oseram - a tribe of practically-minded forgemen and women; and the Banuk, who are a mountain-dwelling tribe of hunters and shaman. The tribes aren’t exactly all on friendly terms either - with the Carja being notorious for raiding their rivals under the leadership of the Mad Sun King, Jiran.  Scattered across the stunning post-apocalyptic landscapes are animal and dinosaur-like robots known as ‘machines’, who for the most part peacefully coexist with the tribes. However, as the years pass by, the machines have become increasingly more violent towards humanity as part of a phenomenon known as the ‘Derangement’. So begins Horizon: Zero Dawn.   Horizon Font: https://www.fontspace.com/horizon-font-f26000 544 comments",1
"Just finished Zero Dawn. Have some lore related questions. : r/horizon | what killed the world was the biomass eating machine horde. The ginormous machines are Horuses, part of the FARO swarm plague. Faro killed the",1
"Horizon Zero Dawn - Wikipedia | # *Horizon Zero Dawn*. ***Horizon Zero Dawn*** is a 2017 action role-playing game developed by Guerrilla Games and published by Sony Interactive Entertainment. The first instalment in the *Horizon* video game series 'Horizon (video game series)'), it is set in a post-apocalyptic United States where large robotic machines 'Machines (Horizon)') dominate the Earth while humans live in primitive tribes with varying levels of technological development. The player can explore the open world to discover locations and take on side quests. *Horizon Zero Dawn* was Guerrilla Games' first new intellectual property since *Killzone 'Killzone (video game)')* in 2004 and its first open-world and role-playing game. Development began in 2011 after the completion of *Killzone 3.* The game engine, Decima 'Decima (game engine)'), was developed for *Killzone: Shadow Fall* and modified for *Zero Dawn*. Released for the PlayStation 4 in February 2017, the game was ported to Windows in 2020 as the first in a series of PlayStation-exclusive video games arriving on personal computers.",1
"Outer Wilds | Recensione | The Games Machine | # Outer Wilds – Recensione. **Outer Wilds**, sviluppato da Mobius Digital e da Annapurna Interactive**, sbarca su Nintendo Switch affascinando come suo solito**, trasportando il giocatore in un Universo infinito.*. **È da anni che mi pongo questa domanda**, **ogni volta che mi interfaccio con Outer Wilds**, che su TGM abbiamo deciso di recuperare proprio in occasione dell’arrivo su Nintendo Switch, la piattaforma ibrida di Nintendo che sta ai recenti The Game Awards è stata a bocca asciutta. **La narrativa di Outer Wilds**, chiara sin dal principio**, mette il giocatore nei panni di un esploratore spaziale su un pianeta natio che potrebbe ricordare la Terra**, denominato Cuore Legnoso, il centro nevralgico di una specie che viaggia da sempre in giro per il sistema solare alla ricerca di segreti e misteri che tanto spingono gli uomini a non accontentarsi dell’America – anche se forse sarebbe stato meglio non approfondire troppo e cercare di tornare in India.",1
"Recensione Outer Wilds: Lo spazio profondo dentro di noi | La meccanica che renderà questa avventura unica e speciale si identifica nei loop temporali, rappresentati da un ciclo vita-morte dalla",1
"Recensioni - Outer Wilds - Nintendo Switch | Do 'solamente' 8 poichè mi ha infastidito quella che è la meccanica principale del gioco, ovvero il ciclo di 22 minuti: per quanto sia la base dell'intera",1
"Beginner's Guide and Tips - Stardew Valley Guide - IGN | ### Stardew Valley Guide. Stardew Valley dumps you on an old farm that looks worse for wear, but it's filled with tons of potential! Learn more about getting started on your farm and core mechanics with this beginner's guide to Stardew Valley, updated for 2024's 1.6 update. Stardew Valley currently does not support cross-platform multiplayer (though PC players and Mac players can play together), and it's unclear if or when this might change or if there are plans to include the feature in the future. If you've never played or read much about Stardew Valley, here are a few essential things to know about Stardew Valley:. Though the intensity of how you use each day depends on your goals for the game (are you taking it easy, or do you want to optimize to be as successful as quickly as possible?), you'll want to remember these few key things for your first week:.",1
Guida introduttiva - Stardew Valley Wiki | Guida introduttiva · 1 Creazione personaggio · 2 Mappa fattoria · 3 Controlli · 4 Preparati per il tuo primo raccolto. 4.1 Annaffiatoio · 5 Energia,1
"Stardew Valley | 2023 Guide for Complete Beginners | Day 1 | In this 2023 Guide for Complete Beginners to Stardew Valley, I will start up a brand new farm and walk you through all of the basics of",1
"Disco Elysium The Final Cut - Una storia di resistenza, identità e ... | Disco Elysium The Final Cut è la fine di un viaggio molto lungo di un gruppo di amici di Tallin che, in maniera del tutto impronosticabile, è passato da",1
"Ho appena finito il gioco, il finale è stato deludente. : r/DiscoElysium | Harry, dopo aver assistito ai pregiudizi a Revachol, torna semplicemente al Distretto come se l'intera esperienza non fosse mai accaduta. L'",1
Disco Elysium Endings: Every Outcome and How to Unlock Them | Disco Elysium Endings Explained · The good ending: Kim sticks with you · Alternate good ending: Cuno steps up · Neutral and bad endings: going it,1
"Death Stranding 2: On the Beach – La recensione | # Death Stranding 2: On the Beach - Recensione. Dopo 66 ore di gioco, più di 250 Km percorsi e quintali e quintali di merce trasportata, eccomi qui a recensire *Death Stranding 2: On the Beach*, uno dei grandi titoli di questo già ricchissimo 2025 nonché **una delle pochissime esclusive targate PS5 che giocheremo da qui a fine anno.** Un sequel che arriva quasi sei anni dopo il primo capitolo (capace di attirare oltre 20 milioni di giocatori) e che cronologicamente gli è ancora più vicino, **essendo ambientato circa un anno dopo gli avvenimenti del primo Death Stranding*.***. Per questo attesissimo, grande e ambizioso ritorno di Sam Porter Bridges nel mondo post-apocalittico creato da Hideo Kojima le aspettative erano altissime, tra **un gameplay più ricco e variegato, un comparto tecnico rinnovato capace di superare il già straordinario impatto visivo del suo predecessore**, una longevità maggiore e - soprattutto - una narrazione in grado di continuare con eguale fascino l’intricata, visionaria storia del primo capitolo.",1
"DEATH STRANDING 2 Review: Kojima's Light and Shadows | La recensione di Death Stranding 2, un gioco poetico e potente ma anche molto conservativo ... La Storia Completa di DEATH STRANDING",1
"Death Stranding Recensione - The Games Machine | Tecnicamente Death Stranding è davvero stupendo, e si presenta sui nostri schermi evolvendo e sfruttando il Decima Engine in maniera strepitosa,",1
The Philosophy of Nier Automata is Astounding - Reddit | Nier Automata seems to focus on the 'rebellion against one's fate' in a way that seems reminiscent of Camus' work. 2 similarities stand out. 1.,1
Most Philosophical Game Ever? – The Philosophy of NieR: Automata | – The Philosophy of NieR: Automata – Wisecrack Edition. 1.2M views ... A Story Analysis of Nier Automata. Gingy•916K views · 22:51 · Go to,1
What is the philosophy behind NieR: automata? - Quora | The main philosophy of Nier Automata seems to be derived in Nietzsche's philosophy that individuals must created their own meaning in life.,1
"Control, la recensione - Multiplayer.it | Un'esperienza solida e coerente, che anche sul piano narrativo riesce a proporre idee molto interessanti e originali. L'enigma dell",1
"Control Recensione PC PS4 Xbox One - The Games Machine | Eccellenza narrativa allo stato puro, diciamo le cose come stanno senza fronzoli, e per di più in un genere molto poco battuto e con un",1
Control: Definitive Edition - lo squarcio nella dissonanza ludonarrativa | Control ha una fortissima dissonanza ludonarrativa. La splendida trama non dialoga per niente bene con il gameplay. È ora di fare qualcosa.,1
Returnal's story simple explanation MASSIVE spoiler - GameFAQs | The simple explanation is that all of Returnal is taking place in Selene's head. The White Shadow signal she's been chasing? That was simply the,1
"Returnal - Wikipedia | | Release | * **PlayStation 5** * 30 April 2021 * **Windows** * 15 February 2023 |. ***Returnal*** is a 2021 third-person shooter game developed by Housemarque and published by Sony Interactive Entertainment for the PlayStation 5. A port to Windows developed by Climax Studios was released on 15 February 2023. It follows Selene Vassos, an astronaut who lands on the planet Atropos in search of the mysterious 'White Shadow' signal and finds herself trapped in a time loop. It won several end-year accolades, including Best Game at the 18th British Academy Games Awards. The game had sold 866,000 copies by February 2022, before being released for Windows in February 2023. A spiritual successor, *Saros 'Saros (video game)')*, was released in 2026. In a futuristic science fiction setting, the player controls Selene Vassos (Jane Perry 'Jane Perry (actress)')), a space pilot, equipped with a suit and armed with high-tech weapons, who is stranded on the alien planet Atropos and stuck in a time loop.",1
Returnal doesn't make sense - but it doesn't need to - GamesRadar | Returnal is a game about future space explorer Selene crash-landing on a mysterious planet after a mysterious weapon shoots her down while she's following a,1
Personaggi - BioShock Wiki - Fandom | Personaggi principali · Andrew Ryan · Atlas · Brigid Tenenbaum · Frank Fontaine · Jack · Soggetto Delta · Eleanor Lamb · Sofia Lamb,1
"Analisi Critica: Bioshock (1, 2, 3 + dlc) – CulturaPropp | L’ho recuperato dopo anni, e non ho cominciato dal primo capitolo. I puristi mi bacchetteranno ma ho in seguito potuto recuperare tutto quanto grazie alla Collection. Uno di quei titoli che senti sempre elogiare, un po’ come *Half Life*, *Undertale* o ~~*The last of us 2*~~, mi aveva sempre incuriosito il *Big Daddy* ma i limiti di tempo e soldi erano tassativamente chiari. Si può essere mossi da compassione verso i più deboli, si può credere nel collettivismo, in un dio, ma quel che dice Ryan, dal suo punto di vista, è che invece i ricchi e potenti devono limitarsi ingiustamente a causa di queste filosofie che lui prontamente rifiuta. La cosa che più mi affascina è anche il fatto che venga dato un chiaro motivo alla violenza che vedremo nel gioco. *Rapture* è innanzitutto la filosofia di *Ryan* a cui poi si succedono quelle di *Fontaine* e di *Cohen*.",1
"Bioshock Infinite - Riassunto, spiegazione trama e finale, analisi ... | ... personaggi secondari della trama di Infinite, così da far mente locale e riordinare le menti confuse di chi ha appena finito il gioco o non",1
Training Day in Demon's Souls With Great Level Design | The level design had a great logical consistency and progression to it to make you feel like you were both exploring and making some forward momentum.,1
"[LTTP] Demon's Souls PS5 - most of the level design is pretty awful | The game is too much like hard work; it's too oppressive, it's too frustrating, it's seems too much like some of the levels were just shrugged into existence.",1
They Dont Make 'Em Like This Anymore • Demon's Souls Level ... | / discord. They Dont Make 'Em Like This Anymore • Demon's Souls Level Design Review. 25K views · 4 months ago ...more. AesirAesthetics. 44.2K.,1
"Combat | Armored Core 6 Wiki | Armored Core 6 Wiki / General Information. # Combat | Armored Core 6 Wiki. **Combat** for **Armored Core 6: Fires of Rubicon** lies in its fundamental mechanics and the available actions at your disposal. This section will primarily delve into essential aspects such as Huds, basic maneuvering techniques for Armored Cores, load-outs, enemy particulars, and additional related details. It will also furnish comprehensive information on combat in general, along with specific mechanics unique to the game. ### Armored Core 6: Review. **NEW!** - Armored Core 6 Review, is it worth it? ## Armored Core 6 Combat. Armored Core 6: Fires of Rubicon excels in its extensive customization options, but its standout qualities lie in its fast-paced and seamless traversal and combat mechanics. While these mechanoids typically serve as the game's basic enemies, they often appear in groups and can overwhelm your Armored Core if caution is not exercised. ## The Basics of Combat In Armored Core 6.",1
"Armored core 6: From software's best combat loop since ... | Combat in Armored core 6 becomes a dance of constantly moving, dodging and flying in all directions as you do your best to keep your target at the most",1
"Armored Core VI: Fires of Rubicon - Wikipedia | # *Armored Core VI: Fires of Rubicon*. ***Armored Core VI: Fires of Rubicon*** is a 2023 mecha-based vehicular combat game developed by FromSoftware and published by Bandai Namco Entertainment. A part of the *Armored Core* series, it released for PlayStation 4, PlayStation 5, Windows, Xbox One, and Xbox Series X/S. A reboot 'Reboot (fiction)') of the series, the game is set in the distant future on the remote planet Rubicon 3. There, a war erupts between corporations, the government and the remnants of the planet's colonists for control of Coral, a rare and incredibly powerful energy source unique to Rubicon once thought to have been destroyed in a cataclysm. Players in this game take on the role of expert pilots in control of mechs known as Armored Cores (AC). Through completing missions, players are awarded COAM, an in-game currency that lets them purchase new parts and weapons for their AC. In the singleplayer campaign, players complete a series of combat missions that tell the in-game story.",1
"Lies of P - La recensione - IGN Italia | Lies of P è un soulslike dark fantasy che rispetta le opere da cui prende ispirazione: Bloodborne e Le avventure di Pinocchio,",1
"Recensione Lies of P: vale la pena il soulslike di Pinocchio? | A mio modesto parere, Lies of P è un gioco che si lascia godere, ma che non è memorabile. L'azione e il sistema di combattimento che propone sono buoni, ma non",1
"LIES OF P RECENSIONE: è un soulslike da giocare? (NO SPOILER) | La mia recensione di Lies Of P, un soulslike di altissimo livello ma non privo di difetti.",1
Starfield non è un gioco a mondo aperto. - Reddit | Non proprio. Mondo aperto significa che puoi andare da una parte della mappa a un'altra senza grossi ostacoli o schermate di caricamento tra le,1
"Starfield, le ventidue dinamiche di gameplay che il gioco non spiega | Starfield è un enorme gioco open-world che può essere un po' complicato da capire, almeno nelle fasi iniziali. Molte delle sue meccaniche",1
"STARFIELD: AN OVERVIEW of the largest OPEN-WORLD RPG ever | La recensione di Starfield arriva il 31 agosto alle 18. Nel frattempo, una panoramica. Iscriviti - http://bit.ly/QuartzoGames E seguimi live",1
"Super Mario Odyssey - Innovation in Level Design and Gameplay - Blog - Thegoodplay.org | # Super Mario Odyssey - Innovation in Level Design and Gameplay. As a devoted gamer and a long-time fan of the Super Mario franchise, my excitement reached new heights with the release of Super Mario Odyssey. The moment I picked up the Nintendo Switch and started playing, I was struck by the game's innovative level design and gameplay mechanics. Each aspect of this title pushed the boundaries of traditional platforming while maintaining the charm that has defined Mario for decades. ## A World of Exploration. I had the freedom to approach obstacles and challenges in my own way. This design choice not only enhanced my sense of agency but also encouraged me to explore every nook and cranny of these rich environments. This ability to inhabit different characters created an exhilarating sense of variety and creativity in how I tackled challenges. The level design in Super Mario Odyssey encourages a non-linear approach. This aspect gave me a sense of ownership over my journey through the game.",1
Do you like Super Mario Odyssey's Level design? - GameFAQs | Level design was really bland in general. Dropped it like halfway through. New Donk is fun but I felt zero compulsion to get extra moons so it,1
"The Level Design of Super Mario Odyssey's Best Stage | In New Donk City, the design allowed players to quickly transition from the ground to the skyline and vice versa. This was thanks to using cars as trampolines,",1
Metroid Dread Recensione: Metroidvania e Horror - YouTube | ... recensione di Metroid Dread. #Recensione #MetroidDread ... Comments. 288. 'l'esplorazione è sicuramente figlia del modello hollow night' (??),1
Metroid Dread | Recensione - Samus fa scuola - SpazioGames | Il ritorno di Metroid alle due dimensioni è un brillante viaggio tra nostalgia e innovazione.,1
"Metroid Dread, la recensione: il ritorno di Samus su Nintendo Switch | Metroid Dread rappresenta il culmine dell'esperienza maturata in 35 anni di serie, un titolo degno di nota e sicuramente il valido successore",1
"The Two Sides of Doom Eternal | Doom Eternal's gameplay loop is one of precision — it only works when everything is in alignment. When things aren't aligned, it just feels like",1
"DOOM Eternal: The epitome of game design | # DOOM Eternal: The epitome of game design | by Jose Garza | Medium. # DOOM Eternal: The epitome of game design. On every conceivable gameplay front, Eternal manages to coalesce a shattering magnitude of mechanics into a perfect amalgamation of cohesive design that uses every element to actively push players into its intended structure of strategic close range carnage, adapting to a dynamic landscape of contexts, and resource management. Eternal holds its rightful throne within the echelon of game design by the virtue of a clearly defined gameplay loop that is subtly conveyed to players via offensive capabilities and resource opportunities. Despite receiving multiple nominations from 2020’s Game Awards, Eternal failed to garner a single victory, and the correlated lack of critical praise from both gaming journalism and podcasting spheres is indicative of an industry that didn’t play the title, failed to recognize the merits of game design, or simply, and fairly, found the other years’ titles more appealing.",1
"I do not like the gameplay flow of Doom Eternal | The combat loop is extremely subtle, and without a solid grasp of the game flow most of the tactics will go over a typical player's head. The",1
"Half-Life 2 - Recensione - PC - 44370 - Multiplayer.it | Questo turbinio, oltre a far increspare e spumeggiare la superficie del corso d’acqua in mezzo al quale ci troviamo, fa volteggiare nervosamente attorno a noi, gli oggetti più leggeri dello scenario. Sì, d’accordo, forse per molti ancora normale non la è… ma non preoccupatevi, vi assicuriamo che, dopo le circa venti/venticinque ore di gioco con **Half-Life 2**, lo diventerà anche per voi. Attenzione, per giocare ad **Half-Life 2**, anche nella modalità a singolo giocatore (l’unica disponibile del resto) è necessario avere accesso ad Internet per la validazione della Cd-Key! Inoltre, come da tradizione Valve, la storia non è certo un mero pretesto per introdurre i vari “livelli”, piuttosto ha la stessa importanza di tutti gli altri elementi di gioco e, come tale, deve essere assaporata e scoperta con calma, per poter ricavare il massimo del piacere dall’esperienza di gioco. Un solo avvertimento: se non è la prima volta che impugnate il piede di porco, difficilmente (ri)proverete le emozioni del primo Half-Life: il senso di smarrimento, il gusto della scoperta, la gioia delle rivelazioni.",1
"Masterpiece or Madness? - Half Life 2 & Episodes Retrospective & History | Masterpiece or Madness? - Half Life 2 & Episodes Retrospective & History I Finished A Video Game 225000 subscribers 4233 likes 250490 views 30 May 2026 The channel wakes up and smells the ashes thanks to the Patrons! - https://patreon.com/IFinishedAVideoGame Use code CROWBAR for 50% off your first month!  TWITCH - https://www.twitch.tv/ifinishedavideogame DISCORD - https://discord.gg/EvApzbyBsT  =====  There are few games that loom as large as Valve's Half Life 2 - a revolutionary first person shooter that rebooted it's genre and laid the groundwork for Steam to take over the world. It's a tale that has been told countless times already - but do we really know the full story?  Today we're going to try answer a simple question - Is Half Life 2 the masterpiece it is constantly described as or was it a piece of video game madness?  It's a journey that is going to take us through it's absurd development, require us to reassess it's strengths and weaknesses, honestly investigate it's launch and sales numbers - before we unpick it's strange episodic ending and work out why it went away forever...  It's part critique, part retrospective, part review and part history lesson - obviously full of spoilers and obviously full of my opinions  =====  Credit for the fantastic thumbnail goes to the visionary - https://x.com/HotCyder  Additional editing in chapters 1 2 3 9 and 11 came courtesy of Liam!  All media in this video is used for the purpose of review, commentary or criticism and is defined as fair use under US Copyright law.  Source and Bibliography will be added shortly  === Chapters ===   00:00:00 – Wake Up and Smell the Ashes 00:04:07 – Everything Possible Goes Wrong 00:18:16 – Somehow Everything Got Even Worse 00:30:23 – Welcome to City 17 00:44:51 – Is This Even A Sequel? 01:01:16 – Beautiful Structural Incoherence  01:17:11 – Where Gordon Goes Wrong 01:27:10 – An Ending That Doesn't End 01:37:01 – The Forgotten Middle Years 01:50:53 – Return to Castle Combine 02:03:20 – Agent Orange Box 02:12:29 – A Portal Storm in a Teacup 02:28:51 – More Than Just A Cliff-hanger 02:42:09 – The Truth About Half Life 2  ===   #halflife2  #valve  #Retrospective 861 comments",1
"Review: Half-Life 2 | Metrocop | Their goal was both simple and incredibly ambitious for a studio with just one title—two if you count April 1999’s Team Fortress Classic—under their belt: nothing short of the best PC game of all time and a redefinition of the first-person shooter genre. One of the biggest changes in Half-Life 2 compared to its predecessor and its expansions was the leap in graphical fidelity, and Valve wastes no time in displaying that by focusing on its then-revolutionary facial animation technology for the very first moments of the game, literally shoving it in your face. Half-Life 2 picks up after the events of the first Half-Life, an indeterminate amount of time later (that later official media would clarify as being nearly two decades), with Gordon Freeman being awakened from stasis by his new ’employer’, the mysterious figure known only as the G-Man. After a few vague choice words about Gordon’s role in all this, he—and by extension the player—is dropped on a train heading to a new destination: City 17.",1
Fallout: New Vegas and Letting Go - An Analysis : r/fnv - Reddit | TL;DR: Fallout: New Vegas isn't ultimately about who controls the Mojave—it's about whether humanity can move forward after the apocalypse.,1
"Fallout New Vegas: a brief analysis of structure - dancefighterredux | Fallout: New Vegas has a story and gameplay structure which revolves, in a large sense, around multiple factions. The primary factions, the New",1
"New Vegas - Faction Analysis | Fandom - Fallout Wiki | TL;DR: We're looking at the factions of New Vegas today, okay? Okay, bye. 1. New California Republic. Moral Compass Rating: GOOD. Pros: -Supports a myriad of",1
"[GUIDA SKYRIM] Draghi in Skyrim - ForumFree | Si narra che la forza dei draghi sia relativa alla loro età, più un drago è anziano, maggiore è il suo potere. Per distinguere i draghi più vecchi da quelli più",1
"Sento che i draghi in The Elder Scrolls non si allineano bene con la ... | Il problema è che i draghi, essendo frammenti di tempo con poteri che deformano la realtà, sono una sorta di nuova lore. Prima di Skyrim, i",1
Draghi | The Elder Scrolls Wiki - Fandom | I Draghi del Gelo sono apparsi a Skyrim in seguito alla resurrezione di Alduin. Sono bianchi con spuntoni neri che fuoriescono dalla loro schiena. La maggior,1
"GTA 5, evento videoludico dell'anno colmo di satira sociale | Tutto questo in GTA diventa una smaccata satira sociale che amplifica la potenza narrativa del gioco molto più di qualsiasi sparatoria o",1
"Critica Culturale di GTA V? : r/GrandTheftAutoV - Reddit | Nah, secondo me i migliori esempi di satira sono nei talk show radiofonici tipo West Coast Talk Radio e Blaine County Radio.",1
"Recensione di GTA 5: il videogioco più atteso della generazione è qui! | Un affresco totalizzante in pieno stile Rockstar, costruito con grande maestria e con la cura minuziosa infusa in ogni più insignificante linea",1
"Switch 2: Yakuza 0 Director's Cut: la recensione | La cornice narrativa si intreccia con il fermento economico della cosiddetta “bolla giapponese”, offrendo un contesto storicamente ricco e",1
"Yakuza 0 - Recensione - PS4 - 178919 - Multiplayer.it | La componente narrativa costituisce senza dubbio il punto di forza del gioco, dotata com'è di una direzione impeccabile, di tempi perfetti e di",1
"Yakuza 0: Director's Cut – Recensione - GameScore | È, piuttosto, una forgiatura narrativa, un ritorno chirurgico all'origine del mito, con l'intento dichiarato di sottrarre l'incipit dell'epopea",1
"Trama di Metal Gear Solid 3 - MetalGearWeb | Metal Gear Solid 3 è un balzo nel passato storico della saga: l'agente Naked Snake è impegnato in URSS nel recupero del dottor Sokolov, e non sa che la",1
"Metal Gear Solid 3: Snake Eater - Wikipedia | È il terzo episodio della saga iniziata con Metal Gear Solid (1998), ma, per quanto riguarda la trama, è il primo in ordine cronologico. Il gioco ha una storia",1
Snake Eater) ANALISI: perché sono DUBBIOSA - YouTube | METAL GEAR SOLID 3 REMAKE (Metal Gear Solid Delta: Snake Eater) ANALISI: perché sono DUBBIOSA. 28K views · 3 years ago. #MetalGearSolid3,1
"Undertale Review (Spoiler Free) - Medium | Pacifist. The Pacifist route sees the player killing nobody. This may sound easy, but it's not always easy to show mercy to someone with an",1
"Undertale Review: A Pacifist Approach - Pixelkin | In my own experience, the pacifistic approach, aside from relieving a whole lot of guilt, is also the more satisfying gameplay option. It",1
"Undertale Review – NODE Gamers | Undertale is an indie RPG by developer Toby Fox. It was released for PC and Consoles in 2015. One day you go looking in a set of mountains, to fall into a hole, and you awake in the Underground. But not is all as it seems, because not every monster is bad. You’re then told if you want to leave the Underground that you have to leave the ruins. But she begs you not to go, because the world is dangerous, and the king Asgore will kill you. Though as you play through the game, you can find some spots to read the lore of the Underground, and part of me doesn’t blame Asgore. The first time you play the game, you have to get what is known as the “Neutral Ending”. Now the game has 3 big endings (and a million more apparently), but the 3 main are the Neutral Ending I mentioned, Pure Pacifist, and Genocide.",1
"HADES 2: Review of a practically PERFECT roguelike! - YouTube | HADES 2: Recensione di un roguelike praticamente PERFETTO! Multiplayer.it 282000 subscribers 780 likes 30206 views 24 Sep 2025 Hades 2 esce finalmente dall’early access confermandosi il picco più alto di Supergiant Games e uno dei roguelike più emozionanti e memorabili di sempre. ---- #hades2  ---- Indice: 00:00 Hades II RECENSIONE 00:44 Narrativa al servizio del gameplay 02:46 Contenuti 06:09 Gameplay 08:46 Comparto tecnico 09:48 Commento Finale  👍 Se vi piacciono i video che realizziamo, iscrivetevi al canale YouTube e attivate le notifiche (cliccando sulla campanella) per restare aggiornati in tempo reale su tutti i nostri contenuti legati al gaming.   ► ISCRIVITI AL CANALE YOUTUBE: http://bit.ly/2EojR7w  Per tutti gli aggiornamenti e le novità sui vostri videogiochi preferiti seguite il sito di Multiplayer.it  ► Multiplayer.it: http://www.multiplayer.it ► Facebook: https://www.facebook.com/multiplayer.it ► Twitter: https://twitter.com/Multiplayerit ► Instagram: https://www.instagram.com/multiplayer.it ► Twitch: https://www.twitch.tv/multiplayerit 266 comments",1
"Hades Recensione | The Games Machine | # Hades – Recensione. Partiamo da **Supergiant**, perché penso che sia importante avere idea del background da cui arriva Hades, e cioè quello di uno sviluppatore che **non ha mai brillato per il gameplay.** Oh, intendiamoci, a me Bastion e Transistor sono piaciuti da morire, e Pyre non manca certo del suo fascino, ma i combattimenti (o le partite a basket spirituale) non brillavano certo per fluidità, pulizia, entusiasmo; nonostante le buone idee, tendevano tutti a **soffrire di un pochino di macchinosità**. La perplessità era dovuta a un paio di motivi: primo, perché a livello di gioco vero e proprio, come già accennato, lo studio californiano non è che brillasse; e secondo perché l’aspetto dove invece ha sempre brillato, cioè storia e narrazione, **sembrava sprecato per un genere come il roguelike**, che notoriamente pone molta più attenzione sulla ripetizione del contenuto e sulla necessità di mantenerlo sempre fresco anche dopo la quarantesima volta.",1
"Review: Hades Is One Hell of a Roguelike - Siliconera | Supergiant Games knocks it out of the park once again. Hades is perhaps one of the best roguelikes to exist, which we explain in our review.",1
"Cuphead Weapon Analysis Finale: Best Choices | Cuphead Weapon Analysis Finale: Best Choices. This is the definitive Cuphead weapon analysis, concluding our exploration of the game's",1
"Cuphead Weapon Analysis Finale: Twist Up | The analysis explores how the Twist Up performs against various bosses and in different gameplay scenarios, offering a definitive conclusion to",1
Cuphead Finale - Inkwell Hell (Switch Ver.) | Cuphead Finale - Inkwell Hell (Switch Ver.) 1K views · 7 years ... An Over-Analysis of Cuphead Boss Design (Base Game). Akasharose•866K,1
"Marvel's Spider-Man 2, la recensione - Multiplayer.it | Nella recensione di Marvel's Spider-Man 2 vedremo che l'Uomo Ragno torna a combattere il crimine su PlayStation 5: un gioco più grande e",1
"Marvel's Spider-Man 2 - La recensione - IGN Italia | Spider-Man 2 migliora in diversi aspetti rispetto ai due predecessori sia come impatto grafico (l'esclusività per PlayStation 5 si sente),",1
"Marvel's Spider-Man 2 Reviews - Metacritic | Spider-Man 2 is what we want from a sequel, a much better story building on the foundations that the previous versions built, improving the gameplay in every possible way while the previous games are already among the best in terms of gameplay, using all the PS5’s powers and turning the game into a completely next-gen game, next-gen visuals, extraordinary and non-repetitive level design, deep characterization at the disposal of the story, use of dualsense’s features, much more entertaining boss fights, much better cutscenes and much better animations. Marvel's Spider-Man 2 delivers a strong story and continues the adventures of both Peter Parker and Miles Morales in an enjoyable way. Full of surprising heart and delicate moments that balance beautifully with the sort of blockbuster superhero bombast that its developer has refined to a fine art, Marvel's Spider-Man 2 is a toweringly polished, unparalleled masterwork that redefines the superhero video game genre at large and is better than the previous two games in every way imaginable.",1
"Análisis de Final Fantasy VII Rebirth para PS5 | # Análisis de Final Fantasy VII Rebirth: el RPG más emblemático renace como juego de mundo abierto colosal. Por mucho que tratemos de engañarnos, cuando jugamos al remake de un juego muy importante para nosotros no lo hacemos por los gráficos ultrarrealistas o por las renovadas mecánicas jugables. Sin embargo, con **Final Fantasy VII Rebirth**, segunda parte dentro de la trilogía con la que se reconstruye el legendario RPG, Square Enix ha logrado algo inaudito: **que queramos jugar a un remake... No puedo daros una respuesta (por motivos evidentes), pero tras más de 100 horas puedo decir que **Final Fantasy VII Rebirth ha cumplido**: he revivido sensaciones familiares que se han visto potenciadas gracias a la mayor profundidad narrativa, he explorado un mundo enorme que no parecía tener fin y he participado en minijuegos. Como ya sucedía en Final Fantasy VII Remake, la historia de esta nueva entrega se ha visto ampliada en gran medida respecto al material original: se profundiza en las personalidades y el trasfondo de los personajes para darles un mayor empaque y se expanden las secuencias en direcciones similares y/o completamente nuevas.",1
"The Story of Final Fantasy 7 Rebirth | A Narrative Analysis and Retrospective | The Story of Final Fantasy 7 Rebirth | A Narrative Analysis and Retrospective Aleczandxr 321000 subscribers 3821 likes 148385 views 14 Dec 2024 Twitter: https://twitter.com/aleczandxr  Twitch: https://www.twitch.tv/Aleczandxr/ MyAnimeList: http://myanimelist.net/profile/Aleczandxr  Patreon: https://www.patreon.com/Aleczandxr Side channel: https://www.youtube.com/user/ajgdude BlueSky: https://bsky.app/profile/aleczandxr.bsky.social  --  Table of Contents: 0:00 – Introduction, Disclaimers, and Overall Thoughts on Rebirth 21:56 – Chapter 1 and The Background Lore of FF7 53:08 – Chapter 2 and Kalm 1:03:05 – Chapter 3 and The Turks 1:07:48 – Chapter 4, Junon & Rufus 1:35:55 - Chapter 5 1:43:12 – Chapter 6 and Costa Del Sol 1:58:54 - Chapter 7 and Mount Corel/Corel 2:23:00 - Chapter 8, the Gold Saucer, Corel Prison and Dyne 2:55:12 - Chapter 9, Gongaga and Tifa in the Lifestream 3:36:59 - Chapter 10, Cosmo Canyon, the Gi and Theories about Retrilogy's World 4:40:19 - Chapter 11, Nibelheim, Vincent and Roche 5:23:59 - Chapter 12, the Gold Saucer Revisited and the Dates 6:00:57 - Chapter 13, the Temple of the Ancients and the Trials 6:49:41 - Chapter 14 - Aerith's Date, Sephiroth, Zack and the White Materia 7:25:25 - Chapter 14 - The Forgotten Capital, Aerith's Death and the Final Battle 8:14:02 - The Final Scene, Theories, Speculation and Final Thoughts  --  Sources:  My videos -  - The Story of Final Fantasy 7 .. So Far | A Comparative Analysis of the Original AND Remake: https://www.youtube.com/watch?v=Ak0CliamogQ&t=535s&ab_channel=Aleczandxr   - Final Fantasy 7 Remake: Episode INTERMission | Story Review:  https://www.youtube.com/watch?v=hg_cmeBylcs&ab_channel=Aleczandxr    Miscellaneous Sources -   - FFVII Rebirth Ultimania - FFVII Remake Ultimania - Final Fantasy VII Ultimania - Traces of Two Pasts by Kazushige Nojima - The mentioned tweet thread theorizing about the ending (user currently banned): https://x.com/TurquoiseHammer/status/1772324135089181110  - The mentioned tweet theorizing about the state of the setting and the plot: https://twitter.com/omnicloudv7/status/1779006258952945927?s=46&t=L2O8QblcHoJ0GyOgFcZSiQ  - Inside Final Fantasy VII Rebirth video series: https://www.youtube.com/playlist?list=PL2A8F9VO2BGPIBlPKz4jBs8r5SX7NJNai  - Max Plays: Final Fantasy VII Rebirth: https://www.youtube.com/playlist?list=PLitZkRNNn1LitPSUh3vYrrXd-j1UPlXUN  - Final Fantasy VII Rebirth - Spoiler Mode w/ Maximilian Dood: https://www.youtube.com/watch?v=euPgi8zOWnk&ab_channel=EasyAllies   - The TRUTH About Final Fantasy 7 Rebirth's Ending: https://www.youtube.com/watch?v=8G5VcZY2kYE&ab_channel=TheNightSkyPrince  - MASSIVE FF7 REBIRTH TALK: https://www.youtube.com/watch?v=UPoxy4nu0yo&ab_channel=BltzZ   Final Fantasy VII Rebirth Ultimania translations provided by -  - https://twitter.com/aitaikimochi  - https://twitter.com/ShinraArch   Video footage provided by -  - Shirrako: https://www.youtube.com/playlist?list=PLCLeSTzz6trZ0Kb6ZN5NvNbG4oEk6L5wl  - Gamer’s Little Playground (Also provided Crisis Core footage): https://www.youtube.com/watch?v=wv9VnAhUQ6w&t=28115s&ab_channel=Gamer%27sLittlePlayground  - Lorerunner: https://youtu.be/6cc0RNeZ5PQ?si=pSwimJ4qvY3N4Y-A  - louiseyhannah: https://youtube.com/@louiseyhannahVODs?si=1hAWwa-kAxt3ZGN_ - Maximillian Dood: https://www.youtube.com/watch?v=TyqobkS7Csg&list=PLitZkRNNn1LitPSUh3vYrrXd-j1UPlXUN&index=13 - IGN: https://www.youtube.com/watch?v=zK7i3-MMgSo&t=1347s - Chris Of The Vale: https://www.youtube.com/watch?v=AJHnbw1mgyw&ab_channel=ChrisOfTheVale  - Pierce Arner: https://www.youtube.com/watch?v=Y2PNbO-YO3w&ab_channel=PierceArner  - Ever Crisis - Faz Faz: https://youtu.be/-GfC43JvZ44?si=t1xh3dB6pyJiplno - Nova Crystallis: https://www.youtube.com/watch?v=IZGzumO1aug  - Xygor Gaming: https://www.youtube.com/watch?v=yPindmUNoOM  - Gast mention from Chasloth: https://youtu.be/3mROvymYEAo?si=5yH5AWkOOvWjJ5xm - PowerPyx (Specific sidequest footage): https://www.youtube.com/watch?v=hMxE089NFBY - BuffMaister (Dirge footage): https://www.youtube.com/watch?v=S-rp-MWkZiU 749 comments",1
Análisis de Final Fantasy VII Rebirth: 100 horas no son ... - 3DJuegos | Y soy directo con las conclusiones: creo que Rebirth no solo es más generoso que Remake. También es mejor juego. Grande y divertido a rabiar. No,1
"Dragon's Dogma 2 | Recensione - Il viaggio è la destinazione | Dragon's Dogma 2 è un'opera senza compromessi, con la grande libertà di esplorazione di un mondo pieno di sorprese e un combat system",1
"Dragon's Dogma 2, la recnsione - SpaceNerd.it | Dragon's Dogma 2 è bello, cattivo, frustrante e soddisfacente: insomma, tutto quello che si può chiedere a un videogioco. È la rivincita di",1
"Dragon's Dogma II (PS5) - Recensione - Nerdevil | Dragon's Dogma II è un'opera particolare, che va saputa accogliere; coraggiosa nel non voler prendere il giocatore per mano e solida nel",1
"Game Mechanics - The Helldivers Wiki | Learn how to master Combat in Helldivers 2, from weaponry to tactics. Extraction Understand the intricacies of mission Extraction and how to leave a planet",1
"Helldivers 2 gameplay mechanics and strategies | What strategies to use in 15-minute Helldivers missions against bugs and robots? Ryan Bailey ▻ Helldivers 2 [PS5, PC, Xbox].",1
"HELLDIVERS 2 Gameplay Demo 10 Minutes 4K | Helldivers 2 Gameplay Demo new accompanied by new gameplay overview, new screenshots, and game info in remastered 4K ULTRA HD for PC, PS5,",1
"Elden Ring per PS5, nuovo minimo su Amazon | # Elden Ring per PS5, nuovo minimo su Amazon. ### Grazie a un'offerta a tempo il gioco prodotto da Bandai Namco è in offerta a soli 29,90 Euro, con il 17% di sconto sul prezzo più basso degli ultimi trenta giorni. Se non avete ancora provato *Elden Ring* e avete PS5 è il momento di acquistarlo su Amazon, dove il gioco di Bandai Namco torna ai minimi storici di prezzo grazie a un 17% di sconto sul prezzo più basso degli ultimi trenta giorni. **ECCO IL LINK ALL'OFFERTA DI ELDEN RING**  **- Amazon - PS5**. - **Gift Card PlayStation Store (Italia) da 20 Euro a 19 Euro con il 5% di sconto**. - **Nintendo eShop Card da 60 Euro a 45,99 Euro con l'8% di sconto**. - **Xbox Gift Card (Europa) da 30 Euro a 27,50 Euro con l'8% di sconto**. - **Steam Gift Card da 20 Euro a 19,49 Euro con il 3% di sconto**. - **Abbonamenti e ricariche per Xbox Game Pass**.",0
"Acquista Elden Ring Shadow of the Erdtree per PS5: su Instant Gaming costa pochissimo! | # Acquista Elden Ring Shadow of the Erdtree per PS5: su Instant Gaming costa pochissimo! Se non avete ancora giocato l'espansione di Elden Ring e volete porre rimedio, non possiamo che suggerirvi di dare un'occhiata a questa interessante promozione che permette di acquistare Shadow of the Erdtree in versione PlayStation con uno sconto pazzesco. Acquista Elden Ring Shadow of the Erdtree su Instant Gaming Approfittando infatti dell'offerta che si può trovare adesso sulle pagine di Instant Gaming, è possibile procedere all'acquisto di **Elden Ring Shadow of the Erdtree** con uno **sconto del 28%** rispetto al prezzo consigliato di 40 euro, motivo per cui l'espansione costa solo 28 euro. Acquista Elden Ring Shadow of the Erdtree su Instant GamingVi ricordiamo che, al termine dell'acquisto, riceverete un codice compatibile con tutti gli account italiani del PlayStation Network: una volta riscattato il codice, potrete scaricare l'espansione di Elden Ring sia su PlayStation 4 che su PlayStation 5.",0
"Acquistare Elden Ring PS5 Confrontare Prezzi | Elden Ring PS5 Video Trailer. Elden Ring Video Di Gioco. ## Cos'è una key di Elden Ring? ## QUAL È IL MIGLIOR PREZZO PER Elden Ring SU PS5? Compra Elden Ring su PS5 per 51,86€ su PS Store US, il miglior prezzo attuale con. Confronta i prezzi delle CD key tra 8 negozi di fiducia con 18 fferte e usa i nostri codici sconto esclusivi per garantire il miglior affare su Elden Ring PS5 e altri giochi per PS5. * Crea il tuo personaggio, con le meccaniche dei giochi di ruolo d’azione di From Software in mente, ma ora con più spazio per la sperimentazione, usa una varietà di armi, abilità magiche e abilità trovate in tutto il mondo. ### Elden Ring Shadow of the Erdtree Deluxe Edition. ### ELDEN RING SHADOW OF THE ERDTREE. Un rivenditore svela la data di Elden Ring Tarnished Edition su Nintendo. ##### ELDEN RING Tarnished Edition – La Data di Uscita su Nintendo Switch 2.",0
"The Final Fantasy Forums | How to install the app on iOS. Follow along with the video below to see how to install our site as a web app on your home screen. # The Final Fantasy Forums. Come here to learn of the latest and greatest events taking place at TFF. Discuss anything you wish within this forum, so long as there is room for an open discussion. A fanfiction of Final Fantasy game. Discussion topics for Final Fantasy XV, the renamed Final Fantasy Versus XIII. Discussions pertaining to videogames (or game consoles in general) which are not related to the Final Fantasy series should take place here. ### General Final Fantasy. Discussion topics for the NES Era of Final Fantasy. Discussion topics for the SNES Era of Final Fantasy (and the After Years for FFIV). Discussion topics for Final Fantasy VII and its spinoff titles. Discussion topics for Final Fantasy VIII & IX. Discussion topics for the online installations of Final Fantasy, XI and XIV.",0
Recovery from Square Enix Account Technical Difficulties (Dec. 15) | ・The login screen for entering Square Enix account and password was not displayed correctly upon starting up the launcher. Even if the login,0
"Final fantasy 15 - Help & Troubleshooting Forum - Page 1 | I am Having a problem with accessing dlc after i bought ps plus extra and downloaded ff15 RE … is this only for ps 5 ? @Nmariusc I seem to remember having a similar issue back when I first played it… so even though I bought the Royal Edition, I bought all the dlc again as it seemed like I was unable to access the extras… and then found out that I hadn’t needed to make the additional purchase. I can’t remember exactly what the situation was but I do remember that although it ‘seemed’ that I couldn’t access the RE extras initially… I did have them. News First PS Plus Essential Game for August 2026 Announced. News 8 PS Plus Extra, Premium Games Announced for June 2026. News Bonus PS Plus Extra Game Available to Download Now. All PS Plus Games Available Now. These 7+ PS5 and PS Plus Games Are Coming Out This Week (15th-21st June).",0
"Cyberpunk 2077: Cyberpunk 2077 - Amazon.it | ... Cyberpunk 2077 Archangel Uomo T-Shirt Nero Regular · 23,99 €23,99€ · Consegna GRATUITA 17 - 23 giu sul tuo primo ordine idoneo. Aggiungi al carrello.",0
"Cyberpunk: Edgerunners MADNESS Variant Panini Exclusive | AGGIUNGI A CARRELLO 3 COPIE CON LA SPEDIZIONE GRATIS. *Su panini.it, trattandosi di una prevendita, per evitare ritardi sulle spedizioni di prodotti con",0
"Aggiornamento di Cyberpunk 2077 per Xbox Series X gratis con lo ... | Grazie alla funzione Smart Delivery, la versione Next Gen di Cyberpunk 2077 sarà gratuita per tutti i possessori dell'edizione Xbox One.",0
the last of us | eBay | ### The Last Of Us (Playstation 3). ### Shop on eBay. M⁣S⁣p⁣X⁣ ⁣о⁣n⁣F⁣s⁣P⁣ ⁣o⁣r⁣e⁣P⁣d⁣⁣⁣⁣⁣I⁣ ⁣⁣⁣⁣O⁣O⁣⁣. ### Shop on eBay. R⁣G⁣ ⁣H⁣0⁣⁣⁣ ⁣⁣R⁣W⁣⁣⁣⁣⁣ ⁣⁣⁣⁣⁣⁣9⁣⁣⁣2⁣⁣⁣⁣. * The Last of Us Remastered PlayStation Hits PS4 PlayStation 4 - Image 1 of 1. ### The Last of Us Remastered PlayStation Hits PS4 PlayStation 4. * The Last Of Us (Playstation 3) - Image 1 of 1. F⁣S⁣ ⁣⁣B⁣4⁣ ⁣⁣P⁣⁣N⁣ ⁣⁣⁣⁣U⁣D⁣⁣⁣⁣⁣⁣⁣⁣⁣ ⁣3⁣T⁣. ⁣A⁣⁣⁣⁣N⁣ ⁣⁣I⁣R⁣ ⁣Y⁣N⁣⁣ ⁣D⁣⁣⁣⁣Y⁣ ⁣G⁣⁣T⁣⁣ ⁣Q⁣⁣. * ### THE LAST OF US PART II REMASTERED - PlayStation 5. * The Last of Us Part I Firefly Edition PS5 Complete Sealed Comics - Image 1 of 4. * The Last of Us PS3 (Brand New Factory Sealed US Version) PlayStation 3 - Image 1 of 2. * The Last of Us Joel & Ellie On Horseback Premium Statue Figure by Dark Horse NEW - Image 1 of 4. ### The Last of Us Part Limited Edition Ellie and Joel Vinyl Figure Set. 7⁣S⁣J⁣р⁣o⁣ ⁣n⁣s⁣o⁣r⁣e⁣R⁣B⁣d⁣⁣⁣⁣⁣ ⁣Y⁣M⁣ ⁣B⁣⁣3⁣ ⁣A⁣⁣.,0
The last of us | Acquisti Online su eBay | Trova una vasta selezione di The last of us a prezzi vantaggiosi su eBay. Scegli la consegna gratis per riparmiare di più.,0
the last of us products for sale | eBay | * ### The Last of Us Part Limited Edition Ellie and Joel Vinyl Figure Set. 5⁣S⁣S⁣p⁣ ⁣F⁣o⁣n⁣s⁣o⁣r⁣е⁣d⁣⁣⁣⁣⁣O⁣⁣⁣⁣ ⁣⁣⁣2⁣⁣D⁣⁣. ### Shop on eBay. Y⁣B⁣S⁣р⁣ ⁣o⁣n⁣s⁣0⁣o⁣I⁣r⁣ ⁣e⁣d⁣⁣⁣A⁣⁣H⁣ ⁣⁣3⁣⁣⁣0⁣ ⁣⁣. ⁣⁣⁣⁣⁣W⁣⁣⁣K⁣⁣ ⁣⁣Z⁣1⁣⁣⁣⁣⁣⁣ ⁣⁣Q⁣Y⁣⁣ ⁣⁣⁣⁣. * The Last of Us Remastered PlayStation Hits PS4 PlayStation 4 - Image 1 of 1. ### The Last of Us Remastered PlayStation Hits PS4 PlayStation 4. ⁣⁣T⁣⁣P⁣ ⁣H⁣⁣H⁣ ⁣H⁣⁣4⁣⁣⁣⁣⁣ ⁣6⁣E⁣ ⁣⁣⁣⁣W⁣D⁣⁣ ⁣. S⁣C⁣C⁣ ⁣P⁣Q⁣ ⁣p⁣о⁣n⁣s⁣o⁣r⁣e⁣8⁣1⁣ ⁣Q⁣d⁣⁣M⁣⁣⁣ ⁣⁣A⁣X⁣⁣. * ### THE LAST OF US PART II - ELLIE EDITION. N⁣S⁣p⁣o⁣7⁣ ⁣n⁣V⁣S⁣s⁣ ⁣H⁣5⁣ ⁣o⁣r⁣е⁣I⁣5⁣ ⁣T⁣d⁣2⁣ ⁣9⁣⁣⁣ ⁣. G⁣P⁣ ⁣⁣8⁣T⁣⁣ ⁣D⁣V⁣ ⁣⁣⁣6⁣⁣⁣P⁣ ⁣W⁣F⁣ ⁣J⁣⁣⁣⁣⁣⁣⁣. * The Last of Us PlayStation 5 PS5 DualSense Wireless Controller Limited Edition - Image 1 of 2. 1⁣C⁣⁣ ⁣4⁣⁣K⁣ ⁣⁣⁣5⁣W⁣⁣⁣ ⁣5⁣⁣⁣⁣⁣⁣X⁣⁣ ⁣⁣⁣⁣⁣. Ѕ⁣X⁣Z⁣ ⁣T⁣1⁣p⁣ ⁣o⁣9⁣3⁣n⁣s⁣o⁣r⁣ ⁣I⁣e⁣O⁣d⁣ ⁣⁣Q⁣⁣⁣⁣⁣⁣. S⁣M⁣8⁣ ⁣F⁣p⁣P⁣o⁣ ⁣M⁣D⁣n⁣ ⁣s⁣Z⁣V⁣ ⁣o⁣r⁣0⁣е⁣2⁣d⁣ ⁣⁣⁣⁣⁣. * THE LAST OF US PART II REMASTERED - PlayStation 5 - Image 1 of 4. ### THE LAST OF US PART II REMASTERED - PlayStation 5.,0
"Subscribe to Our Newsletter | Based on Zip Code  Change. schedule a blood donation and help save lives. person holding umbrella over ill man. a house with blue siding has been mostly destroyed by a tornado with broken windows and debris on the lawn in front. # Subscribe to Our Newsletter. ##### **Sign Up to Receive Updates**. Stay up-to-date on Red Cross disaster alerts, preparedness tips, and ways to get involved. Simply provide your email address to start receiving updates.",0
"Privacy and Cookie Policy - Official EA Site | ('EA') processes the personal information we collect about you when you use our products and services or when you attend live events hosted by or in connection with EA (collectively, 'Services' or 'EA Services'). ⓘ We collect information that you give us directly, such as when you create an EA Account, set up security questions, make purchases, or contact EA Help. We collect information that you provide us, such as:. When you use our social features, any text, audio, visual, and/or other electronic communications information that you disclose may be read, copied, collected, or used by other players and EA, and may become publicly available and/or may be processed by EA for the purposes described in Section 2(D): Anti-Cheat, Inappropriate Content, and Fraud Prevention Technologies. Other Information We Collect When You Use Our Services. ⓘ We may collect other information when you use our Services, such as information about your device, hardware and software information, IP address, or browser information.",0
Privacy Policy - Skylore | Cookies can remain on your computer or mobile device for varying periods of time. The cookies can be either “persistent” cookies or “session” cookies.,0
"Cookie policy - Data Protection Commission | Cookies can be set by the owner of the website or in some cases by third party services the website owner allows to present other information, run content or",0
"Tears of the Kingdom for 59.99! : r/NintendoSwitch | # GameStop has Legend of Zelda: Tears of the Kingdom for 59.99! Skip to main contentGameStop has Legend of Zelda: Tears of the Kingdom for 59.99! Open menu Open navigationGo to Reddit Home. Sign UpSign up for RedditLog InLog in to Reddit. If you want to save 10 bucks on what will likely be a $70 game here’s a link: https://www.gamestop.com/video-games/nintendo-switch/products/legend-of-zelda-tears-of-the-kingdom---nintendo-switch/20001188.html. Update: Sadly looks like they have corrected the price to $70 now. But I’ve heard that they will honor the $60 price if you ordered while it was up. Unfortunately I think it was a mistake but I ordered mine for $60 and from what I’ve heard they are going to honor the price. I’ve heard it will be honored but you never know…. Top indie games to try on Nintendo Switch. *   Reddit reReddit: Top posts of February 8, 2023 * * *. *   Reddit reReddit: Top posts of 2023 * * *.",0
"Zelda: Tears of the Kingdom costs $20 after trade-in at GameStop | It’s not a bad deal if you have two eligible games collecting dust. # Get Zelda: Tears of the Kingdom for $20 when you trade in two games at GameStop. A screenshot of Zelda: Tears of the Kingdom where Link is about to run off a cliff. The Legend of Zelda: Tears of the Kingdom. Through May 20, you can get a copy of The Legend of Zelda Tears of the Kingdom for just $20 at GameStop stores when you trade in two eligible titles for credit. If, by chance, your games have a total trade-in value of over $50, you’ll get the runoff as in-store credit to spend at a later date. In other words, you have to pay $20 (plus tax) out of pocket with this promotion, even if your games will earn you more than $50 in trade-in credit. Related: The Legend of Zelda: Tears of the Kingdom pre-order guide.",0
The Legend of Zelda - GameStop | The Legend of Zelda: Tears of the Kingdom - Nintendo Switch 2 Edition. (16). $79.99. The Legend of Zelda: Breath of the Wild - Nintendo Switch 2 Edition Upgrade,0
XBOX - did you know Persona 5 Royal is here today ... - Facebook | did you know Persona 5 Royal is here today because it's very important you know Persona 5 Royal is here today.,0
"Buy Hades 2 Steam Key Compare Prices | # Buy Hades 2 CD Key Compare Prices. ## WHAT IS A Hades 2 KEY OR STEAM KEY? A **Hades 2 Key** (also known as a **Hades 2 Steam Key**, CD Key or Digital Code) is an official activation code that allows you to activate, download, and play Hades 2 PC on official platforms: Epic Store, Steam, Xbox Play Anywhere. Depending on the store, the code may be for Steam or the publisher's own platform. ## WHAT IS THE BEST Hades 2 PRICE FOR PC? The best price for **Hades 2 PC** is **$29.99** at Steam. Compare and find the best **Hades 2 price** from 13 trusted stores with 14 offers. Whether you're searching for Hades 2 cheap offers, best deals, or a specific **Hades 2 key**, use our exclusive discount codes to get the best price. ### Hades 2 Early Access. Hades II Console Launch: How to Secure the Best Price on PS5 and Xbox.",0
"Hades 2 Key kaufen Preisvergleich | # Hades 2 Key kaufen Preisvergleich. ## WAS IST DER Hades 2 KEY? Ein **Hades 2 Key** ist ein digitaler Schlüssel, mit dem du das Spiel auf offiziellen Plattformen wie Epic Store, Steam, Xbox Play Anywhere, und mehr aktivieren, herunterladen und sofort auf dem PC spielen kannst. ## WAS IST DER BESTE PREIS FÜR Hades 2 PC? Der beste Preis für **Hades 2 PC** ist 25,35€ bei Eneba, aktuell mit 12.6% Rabatt. Vergleichen Sie die CD-Key-Preise bei 14 vertrauenswürdigen Verkäufern, die 25 Angebote anbieten, und nutzen Sie unsere exklusiven Rabattcodes, um das beste Angebot für Ihren **Hades 2 Key** auf dem PC zu garantieren. Sichern Sie sich Hades II günstig für das ultimative Rogue-lite-Erlebnis auf dem PC. Hades II Konsolen-Launch: So sicherst du dir den besten Preis auf PS5 und Xbox. Melinoë erscheint diesen April endlich für PS5 und Xbox [Neuerscheinung]](https://www.keyforsteam.de/wp-content/uploads/featured-hades-2-action-rpg-indie-roguelite-xbox-series-ps5-launch-confirmed-new-update-172x90.webp). Melinoë erscheint diesen April endlich für PS5 und Xbox [Neuerscheinung]](https://www.keyforsteam.de/hades-2-ps5-xbox-release-termin-performance-news-r).",0
"Buy Hades 2 Key 🏷️ at best prices | Gocdkeys | # Buy Hades 2 CD Key for PC. ## Prices for Hades 2 Steam Key for PC (June 2026). **The cheapest price is 3.77€ (-87%) at Difmark** with a rating of **4.1 (12.1k reviews)** · Version **Steam Account** · Region **Global** · We compare prices at **12 verified stores** with **22 offers in stock** · Updated on 15/06/2026 01h 40min. The cheapest offer is from **Difmark** in ACCOUNT format for a price of **3.77€**. ## Everything you need to know to buy Hades II for PC at the best price. ### What is the key for Hades 2 on PC? It is a key that will allow you to download the game Hades 2 on your PC from official download platforms. ### What's the best price for buying the key of Hades 2 for PC? As of 15/06/2026, in United States, the best price we have found in our selection of online stores that include the key for **Hades 2** on PC is **€3.77**.",0
"Hollow Knight is 7.50 in the nintendo eShop right now until January 5th : r/HollowKnight | # Hollow Knight is 7.50 in the nintendo eShop right now until January 5th : r/HollowKnight. Skip to main contentHollow Knight is 7.50 in the nintendo eShop right now until January 5th : r/HollowKnight. # Hollow Knight is 7.50 in the nintendo eShop right now until January 5th. Image 2: r/HollowKnight - 6 HOLLOW KNIGHT HOLLOW KNIGHI Hollow Knight Version Nintendo Switch Edition Digital Sale ends: 1/5/26 at 01:59a.m. CST 57.50 915.00 50% EVERYONE 10+ Fantasy Violence, Mild Blood 10+ EsrBImage 3: r/HollowKnight - 6 HOLLOW KNIGHT HOLLOW KNIGHI Hollow Knight Version Nintendo Switch Edition Digital Sale ends: 1/5/26 at 01:59a.m. CST 57.50 915.00 50% EVERYONE 10+ Fantasy Violence, Mild Blood 10+ EsrB. Image 4: r/HollowKnight - 6 HOLLOW KNIGHT HOLLOW KNIGHI Hollow Knight Version Nintendo Switch Edition Digital Sale ends: 1/5/26 at 01:59a.m. CST 57.50 915.00 50% EVERYONE 10+ Fantasy Violence, Mild Blood 10+ EsrB. Image 6: Thumbnail image: The biggest IPO in market history just happened.",0
"The God of War: Ragnarok PlayStation 5 bundle is cheaper than ever | # The God of War: Ragnarok PlayStation 5 bundle is cheaper than ever. Pick up the console and game for $500 and save $60. The God of War: Ragnarok PlayStation 5 bundle is lower than ever. If you're ready to pull the trigger on a PS5 and want the popular title *God of War: Ragnarok* as well, Amazon has them on sale in a bundle at a new all-time low. The PS5 *God of War: Ragnarok* bundle is currently on sale for $500, or $60 off the usual price. ### PlayStation PS5 Console – God of War Ragnarök Bundle. Still, the console rarely goes on sale, so this is one of the best deals we've seen, effectively giving you both the disc version of the PS5 and *God of War: Ragnarok* for the price of the console alone. Along with the bundle, Amazon is offering deals on a bunch of PS5 games as part of its Days of Play sale.",0
PlayStation 5 God of War Ragnarök Console Bundle - Best Buy | PlayStation 5 God of War Ragnarök Console Bundle ; New. $689.00 - $922.13 ; High Dynamic Range (HDR): true (An HDR-compatible 4K TV or other HDR-compatible,0
"Amazon.com: PlayStation PS5 Console – God of War Ragnarök Bundle : Video Games | # Amazon.com: PlayStation PS5 Console – God of War Ragnarök Bundle : Video Games. PS5 Disc Edition console and 1 game. Includes console, one wireless controller, HDMI cable, power cord and God of War Ragnarok game (disc only). *   Image 7: PlayStation PS5 Console – God of War Ragnarök Bundle. *    Embark on an epic and heartfelt journey alongside Kratos and Atreus with the PlayStation 5 Console – God of War Ragnarök Bundle..Memory storage capacity : 512 MB. Image 12: PlayStation PS5 Console – God of War Ragnarök Bundle (Renewed). 3.   Image 21: God of War - PlayStation 4 (PS4)God of War - PlayStation 4 (PS4)PlayStation  _4.7 out of 5 stars_ 1,647  PlayStation 4  $21.99$21.99  Get it as soon as **Saturday, Jun 20**  FREE Shipping on orders over $35 shipped by Amazon. 5.   Image 23: PlayStation 5 Pro Console - 2TBPlayStation 5 Pro Console - 2TBPlayStation  _4.7 out of 5 stars_ 438  PlayStation 5  _#1 Best Seller_ MSRPClick for details  Get it as soon as **Saturday, Jun 20**  FREE Shipping on orders over $35 shipped by Amazon.",0
Dark Souls 3 (PC) CD key for Steam 🕹️ price from $13.51 | XXLGamer.com | ### Dark Souls 3 Deluxe Edition Cd Key Steam GLOBAL. ### Dark Souls III Standard Edition Steam Account. ### Dark Souls III ASIA PC Steam CD Key. in stock 🏴  -3% with XXL3GAMER = **$24.62**. ### Dark Souls III 3 PC. ### DARK SOULS III (PC) Steam Key - EU. ### Dark Souls 3 (PC) Steam Key GLOBAL. ### Dark Souls III PC Steam CD Key. in stock 🏴  -3% with XXL3GAMER = **$25.77**. ### Dark Souls 3 Steam Key EUROPE. ### Dark Souls 3 (Deluxe Edition) Steam Key EUROPE. ### Dark Souls III 3 Deluxe Edition PC. ### Dark Souls III Standard Edition Steam CD Key. in stock 🏴  -10% with XXLG10DEAL = **$24.81**. ### Dark Souls 3. ### Dark Souls 3 (Deluxe Edition) Steam Key GLOBAL. ### Dark Souls III Standard Edition Europe Steam CD Key. in stock 🏴  -10% with XXLG10DEAL = **$25.07**. ### Dark Souls III - Steam - Key EUROPE. ### Dark Souls III Deluxe Edition (PC) - Steam Key - EUROPE.,0
"DARK SOULS III 3 PC Steam Key GLOBAL ⭐️ Fast Delivery 1 ... | The product is a DARK SOULS III 3 PC Steam Key, which offers fast delivery in 1-10 minutes. This game is part of the Dark Souls series released in 2016 by",0
"Questo nuovo CRPG in stile Baldur's Gate 3 è già in forte sconto su Instant Gaming | 2. Giochi gratis, sconti e offerte. # Questo nuovo CRPG in stile Baldur's Gate 3 è già in forte sconto su Instant Gaming. * Giochi gratis, sconti e offerte**Giochi gratis, sconti e offerte**. Sappiate che su PC è appena arrivato un nuovo gioco di ruolo che gli somiglia molto e potete farlo vostro con uno sconto assai generoso. VAI SUBITO ALLA PAGINA DELL'OFFERTA SU INSTANT GAMING Stiamo parlando di **Solasta II**, un gioco di ruolo tattico a turni che è disponibile giusto da un paio di giorni in Early Access su Steam e che potete acquistare su Instant Gaming quasi a metà prezzo. ACQUISTA Solasta II SU INSTANT GAMING Per chi volesse saperlo, questi sono i **requisiti di sistema** ufficiali di Solasta II su PC:. Altre offerte per **Giochi gratis, sconti e offerte**. * Il picchiaduro Marvel con Spider-Man, Wolverine e Hulk è già in offerta su Instant-Gaming. * The Blood of Dawnwalker, il nuovo RPG open world, è già in sconto su Instant-Gaming.",0
Su Instant Gaming è possibile acquistare ... | Su Instant Gaming è possibile acquistare #BaldursGateTheClassicSagaBundle con uno sconto dell'85%.,0
Alan Wake 2 DLC and All Addons - Epic Games Store | Alan Wake 2 Deluxe Upgrade $20 * The lowest price offered on The Epic Games Store in the last 30 days before discount Store,0
Alan Wake 2 - IsThereAnyDeal | Alan Wake 2 ; Fanatical · $49.99. higher by $7.50 ; GreenManGaming · $15.00. lower by $34.99 ; Epic Game Store · $14.99. lower by $35.00 ; Humble Store · $14.99. lower,0
"FYI: Alan Wake 2 is on sale in the Epic store until 1/9, and ... - Reddit | Alan Wake 2 is on sale in the Epic store until 1/9, and Alan Wake Remastered is included for free on sale on steam - 4$",0
"I Doppi sconti PlayStation Plus arrivano su PlayStation Store | Gotham Knights, FIFA 23, The Witcher 3: Wild Hunt e molto altro sono scontati per un periodo di tempo limitato.",0
"The witcher 3 is on sale on PS store for 7$ and ive never played the ... | The main game is 7.99, but also expansions are on discount. I suggest buying main game for 7.99, hearts of stone for 2.99 and blood and wine for 5.99. It will",0
"Buy cheap The Witcher 3: Wild Hunt PS4 & PS5 key - lowest price | GG.deals | * The Witcher 3: Wild Hunt PS4 & PS5. The Witcher 3: Wild Hunt PS4 & PS5 The Witcher 3: Wild Hunt PS4 & PS5 View on PlayStation StorePlayStation Network PS4 & PS5. # Buy The Witcher 3: Wild Hunt PS4 & PS5. Searching for a cheap The Witcher 3: Wild Hunt PS5 key? Use GG.deals to find the PlayStation Store listing and buy the game with discounted PSN cards. Right now, The Witcher 3: Wild Hunt for PS4 & PS5 is available for £4.99 at PlayStation Store, offering a 80% discount. [The Witcher 3: Wild Hunt [PS4 & PS5] - PlayStation Store](/gb/redirect/8f6f01a98339b31596a0cd70072e15f34ff286b6/? [The Witcher 3: Wild Hunt - Complete Edition [PS4 & PS5] - PlayStation Store](/gb/redirect/e7379bc3bd429425cd468ec45cff4baa9de06e41/? (30)See All The Witcher 3: Wild Hunt PS4 & PS5 DLCs  Select items. The Witcher 3: Wild Hunt - Blood and Wine (PS4 & PS5). The Witcher 3: Wild Hunt - Hearts of Stone (PS4 & PS5). The Witcher 3: Wild Hunt - Complete Edition (PS4 & PS5).",0
Invalid Origin Error for Mass Effect 2 | EA Forums - 9065581 | Invalid Origin Error for Mass Effect 2. My account is telling me 'We could not activate Mass Effect 2 on this computer using the Origin account you provided.',0
How can I fix the auto-login to the Cerberus network (EA Online) | The auto-login isn't working for me. Is there any way to get Mass Effect 2 to remember my new login information? pc · mass-effect-2 · Share.,0
"Ghost of Tsushima: Director's Cut Prices Playstation 4 - PriceCharting | Ghost of Tsushima Director's Cut - Sony PlayStation 4 PS4 USED GAME [eBay], $23.50, Report It. 2026-05-20. Time Warp shows photos of completed sales. >Subscribe",0
"Ghost of Tsushima Director's Cut [PS5 - Used Good Condition] | Get Ghost of Tsushima Director's Cut from the PS5 Used Games category directly from Japan. Pay-Later, Worldwide Shipping and 5% loyalty points!",0
Sony PlayStation 5 - Ghost of Tsushima Director's Cut - eBay | Find many great new & used options and get the best deals for Ghost of Tsushima Director's Cut - Sony PlayStation 5 at the best online prices at eBay!,0
Celeste - $4.99 (75% off) in the NA eShop : r/NintendoSwitch - Reddit | Celeste - $4.99 (75% off) in the NA eShop. Sale. r/NintendoSwitch - Celeste - $4.99 (75%,0
Buy Celeste Nintendo Switch Compare prices - AllKeyShop.com | The best price for Celeste Switch is $4.99 at Nintendo eShop US. We'll show you all the available promo codes and Nintendo eShop US coupons to help you save,0
Limited Run Games Celeste Nintendo Switch Game - eBay | Find many great new & used options and get the best deals for Limited Run Games Celeste Nintendo Switch Game at the best online prices at eBay!,0
Resident Evil 4 Deluxe Edition Price History - IsThereAnyDeal | Resident Evil 4 Deluxe Edition. Prices History Stats Regions. Wait 394. Collect 671. Ignore. Cool deal? Heat it up! Boost visibility for everyone else 0%.,0
"Resident Evil 4 remake 2023 - Deluxe Edition - Lets Play Episode 1 | Eneba,great prices for new or older games https://www.eneba.com/?af_id=Neyreyan Twitch:https://www.twitch.tv/neyreyantv i will try to stream",0
"Buy Horizon Zero Dawn CD Key | Prices as low as ✔️$5.9 | A Horizon Zero Dawn CD Key, or Horizon Zero Dawn STEAM Key, is a digital code that allows you to download Horizon Zero Dawn directly to your PC",0
Buy Horizon Zero Dawn CD Key Compare Prices - AllKeyShop.com | The best price for Horizon Zero Dawn PC is $49.99 at Steam. We'll show you all the available promo codes and Steam coupons to help you save money. Compare and,0
"Acquistare Outer Wilds CD Key Confrontare Prezzi - Cdkeyit.it | Compra la Outer Wilds Key per PC al prezzo di 8,86€ con uno sconto del 61.5%. promozionali disponibili o i coupon GAMIVO",0
"Buy Outer Wilds CD Key Compare Prices - AllKeyShop.com | The best price for Outer Wilds PC is $10.28 at GAMESEAL, with 58.9% off. We'll show you all the available promo codes and GAMESEAL coupons with 48 offers.",0
Buy Outer Wilds PC CD Key | Loaded | Best prices on game keys. Outer Wilds PC Key $26.49 $11.59 56% Off % cashback Log in to earn 1% back in CDKoins on your purchase. includes Outer Wilds PC.,0
Buy Stardew Valley for Mobile from 1.38$ with a guarantee on GGSel! | Buy Stardew Valley for Mobile from verified sellers with reviews and warranty!,0
Why is the game cheaper & updated more on iOS? :: Stardew Valley ... | On iOS Stardew Valley is $5 and has been updated 7 times since this version was last updated. Is there a reason why the steam version cost 3 times more?,0
"Disco Elysium CD Key for GOG.com (Digital Download) | This product option is not a redeemable key - instead, you will be provided with username & password login details for a newly created account that contains",0
The password reset link expired. - Login GOG.com | Account. The password reset link expired. To request a new one go to GOG.com.,0
"-75% Disco Elysium - The Final Cut on GOG.com | **GOG.com is a digital distribution platform – an online store with a curated selection of games, an optional gaming client giving you freedom of choice, and a vivid community of gamers.**. All of this born from a deeply rooted love for games, utmost care about customers, and a belief that you should own the things you buy. ## We couldn't find this game on GOG. Vote to bring it to our platform and check what others say about it on GOG Dreamlist:. It's a game about failure and rolling with whatever life gives you, and its release, a herculean effort by the incredible people at the ZA/UM CREATIVE COLLECTIVE was a small miracle in itself. If you’re down for a story rich world with virtually no combat and (the game’s early, so I forgive this) a couple of weird bugs, the you will love this game.",0
"Buy DEATH STRANDING DIRECTOR'S CUT UPGRADE PC key | The cheapest deal on our site lists the DLC at $2.69, compared to its regular price of $9.99. This DEATH STRANDING DIRECTOR'S CUT UPGRADE discount gives you 73%",0
Death Stranding Director's Cut - Upgrade - IsThereAnyDeal | Death Stranding Director's Cut - Upgrade ; Steam · $2.49. lower by $1.00 ; Fanatical · $2.84. lower by $4.95 ; eTail.Market · $2.92. lower by $4.98 ; GameBillet · $1.96.,0
Buy Death Stranding Director's Cut Upgrade Steam PC | (*) The best price is currently $2.12. We discovered this product available from 15 vendors supporting Steam on PC. The game comes in Standard Edition edition.,0
Nier: Automata-Game of the Yorha Edition - Sony PlayStation 4 - eBay | Rating. M - Mature. Platform. Sony PlayStation 4. Game Name. Nier: Automata-Game of the Yorha Edition. Dimensions. Item Height. 0.57in. Item Weight. 0.20lb.,0
Nier: Automata-Game of the Yorha Edition - Sony PlayStation 4 - eBay | item 34 Nier: Automata (Game Of The Yorha Edition) [PS4] [PlayStation 4] [2019] [New!] $59.95. +$19.95 shipping.,0
"Trova le Offerte Migliori per Control: Ultimate Edition - Cdkeyit.it | Come parte degli Sconti Folli del PlayStation Store, Control Ultimate Edition è disponibile con uno sconto del 75%. L'edizione completa del",0
"[Steam] CONTROL Ultimate Edition (3,99€/90% off) : r/GameDeals | Don't forget to check your GOG libraries, the Control Ultimate Collection was given on Prime at some point, so you might already have a copy!",0
"Returnal | Sony Interactive Entertainment - GameStop | Buy Returnal by Sony Interactive Entertainment at GameStop. Choose physical or digital copies, enjoy free shipping on orders $79+.",0
PlayStation 5 Pre-Owned Action and Adventure Games - GameStop | Returnal - PlayStation 5. (437). $29.99 ; The Lord of the Rings: Return to Moria - PlayStation 5. (1). $27.99 ; Dead Cells: Return to Castlevania Edition -,0
"Bioshock The Collection Prices Nintendo Switch | Compare Loose, CIB & New Prices | Bioshock The Collection Nintendo Switch Prices. Buy It  on eBay on eBay. Add this item to your collection. OK | BioShock: The Collection - Nintendo Switch - Cartridge w/ Case, TESTED [eBay] | $16.50 |  | Report It |. OK | Bioshock The Collection Nintendo Switch Game & Case Tested [eBay] | $24.91 |  | Report It |. OK | Nintendo Switch Bioshock Collection - Tested & Works GAME ONLY [eBay] | $15.00 |  | Report It |. OK | BioShock: The Collection Nintendo Switch Game TESTED [eBay] | $17.99 |  | Report It |. OK | Bioshock: The Collection For Nintendo Switch, Tested Working [eBay] | $19.95 |  | Report It |. OK | Bioshock The Collection - Nintendo Switch Cartridge Only [eBay] | $20.25 |  | Report It |. OK | Bioshock the Collection (Nintendo Switch) - Cartridge Only - TESTED [eBay] | $17.99 |  | Report It |.",0
BioShock: The Collection - Nintendo Switch for sale online - eBay | BioShock: The Collection - Nintendo Switch $28.89 Free shipping. Switch $23.95 +$5.95 shipping. SAME DAY SHIPPING! This set allows you all the games at a great,0
"BioShock: The Collection - Nintendo Switch, Nintendo Switch Lite | BioShock: The Collection - Nintendo Switch, Nintendo Switch Lite ; Sold & shipped by. Push Start Play ; New. $34.99 - $39.18 ; Details. Genre: Action and Adventure",0
"Demon's Souls Ps5 - Buy At Cheapest Price Ever | GamesCard.Net | # Demon’s Souls Ps5. ~~€69.99~~ Original price was: €69.99.€11.99Current price is: €11.99. Demons Souls For Ps5 game, one of the best action games of Ps5, is on GamesCard.Net with the cheapest price. Demon’s Souls Ps5 is the remake of highly claimed Ps3 game, Demon’s Souls. Therefore, Demon’s Souls Ps5 feels fresh even for the players who played the original version of the game. Demon’s Souls Ps5 comes with fractured mode, which changes the layout of the world and delivers a new-game feeling. Ps4 Game, Ps5 Game ### Mortal Kombat 11 Ultimate PS4 & PS5 ~~€69.99~~ Original price was: €69.99.€29.99Current price is: €29.99. Ps4 Game, Ps5 Game ### Need for Speed Hot Pursuit Remastered Ps4 & Ps5 ~~€39.99~~ Original price was: €39.99.€19.99Current price is: €19.99. Ps5 Game ### F1 2021 PS5 ~~€69.99~~ Original price was: €69.99.€9.99Current price is: €9.99. Ps4 Game, Ps5 Game ### Dirt 5 Ps4 – Ps5 ~~€69.99~~ Original price was: €69.99.€29.99Current price is: €29.99.",0
"Demon's Souls (PS5) (6 stores) find the best price now » | # Demon's Souls (PS5). Compare prices from$32.99to$78.99. From 4 interest-free payments of $8.24 with. Demon's Souls Standard Edition - PlayStation 5. Free shipping, 4-7 days. Demon's Souls - PS5 Video Games. DemonOs Souls - PS5 - No Color. Demons Souls (playstation 5) Brand. Demon's Souls Standard Edition - For PlayStation 5 - Action/Adventure game - Single Player Supported.",0
"Demon's Souls - PS5 | PlayStation 5 - GameStop | Demon's Souls is here at GameStop. Buy new or used Demon's Souls remake for PS5 by Sony and save with our buy now, pay later option.",0
"Armored Core 6 pre-order: price, collectors edition, where to buy and release date - The Mirror | # Armored Core 6 pre-order: price, collectors edition, where to buy and release date. ### Armored Core 6 Premium Collector's Edition pre-order. Bandai Namco is offering the Armored Core 6 Premium Collector's Edition exclusively through its official website which includes the following:. The Armored Core 6 Premium Collector's Edition price is £399.99 / $449.99. At the moment the Premium Collector's edition is sold out, but you can keep an eye on the Bandai Namco Store to see if it comes back in stock. ### Armored Core 6 Collector's Edition pre-order. Luckily there's another Armored Core 6 Collector's Edition which is at a far more affordable price of £199.99 / $229.99 / AU$469 and comes with the following items:. ### Armored Core 6 Deluxe Edition pre-order. ### Armored Core 6 Launch Edition pre-order. ### Armored Core 6 standard edition pre-order.",0
"Armored Core VI Collector's Edition & Premium Collector's Editions are back up for pre-order on Bandi Namco's website (as of Aug 11th). : r/armoredcore | # PSA - Armored Core VI Collector's Edition & Premium Collector's Editions are back up for pre-order on Bandi Namco's website (as of Aug 11th). Skip to main contentPSA - Armored Core VI Collector's Edition & Premium Collector's Editions are back up for pre-order on Bandi Namco's website (as of Aug 11th). Sign UpSign up for RedditLog InLog in to Reddit. I know a lot of people have been asking if there would be more. Image 3: Clickable image which will reveal the video player: Eyes on the match, not on your to-do list. Eyes on the match, not on your to-do list. 3.   Go to Bandai, login, and add the collector's/premium edition to your cart. It's safe to assume when you're getting the bigger Collector's Edition things that they will not arrive on release day and you might have to wait up to a week later.",0
"Armored Core VI Collector’s and Premium Editions Start at $229.99 | # Armored Core VI Collector’s and Premium Editions Start at $229.99. , Bandai Namco opened up pre-orders for the *Armored Core VI* Collector’s and Premium Editions on its official storefront. The product listings note you can get both versions for the PS4, PS5, Xbox One, Xbox Series X, and PC via Steam. While a standard copy will be $59.99, the Collector’s Edition is $229.99 and the Premium Edition is $449.99. The *Armored Core VI* Collector’s Edition comes with fewer items. You get a copy of the game for your desired platform and a Steelbook case to hold it. A digital copy of the soundtrack and physical art book are included. People also get a 19cm tall Armored Core figure. The Premium Edition is nearly identical. The difference is that the Armored Core figure here comes with a garage to display it. That is a 32cm additional accessory for displaying it. Here’s a closer look at how both the *Armored Core VI* Collector’s and Premium Editions.",0
"So how does the premium edition upgrade work? : r/Starfield | I have Game Pass, but I saw there’s a 34.99 Premium Edition Upgrade Pre-order, where we can still get 5 day early access, the Steel book, patch, and the other pre order goodies. Do we just get a digital code we can use 5 days early, and then we pick up the physical items? If you buy the premium upgrade on your Xbox. If you buy the premium upgrade at best buy or gamestop you get to go pick it all up on September 1st. When you pick it up on September first, you will get a digital code for the early access and digital stuff. So that means you would need to download the standard game for free on gamepass (if you have gamepass), and use the digital code to access 5 days early. If you have gamepass, you can download the standard game for free, and use the digital code from the upgrade pack to access it 5 days early.",0
"Amazon.com: Starfield: Premium Upgrade - Xbox Series X : Video Games | # Amazon.com: Starfield: Premium Upgrade - Xbox Series X : Video Games. *   Add to cart shift+opt+K. To move between items, use your keyboard's up or down arrows. Select the department you want to search in. *   Create Your Free Business Account. Image 4: Amazon Prime Logo. ##### Buy New. FREE delivery Sunday, June 21. We don’t share your credit card details with third-party sellers, and we don’t sell your information to others. Available at checkout Available at checkout This item is a gift. At checkout, you can add a custom message, a gift receipt for easy returns and have the item gift-wrapped. *   Image 6: Starfield: Premium Upgrade - Xbox Series X. 1.   Image 13: Starfield: Standard Edition - Xbox Series XStarfield: Standard Edition - Xbox Series XBethesda  _4.5 out of 5 stars_ 1,014  Xbox Series X  $52.50$52.50  Get it as soon as **Sunday, Jun 21**  FREE Shipping by Amazon.",0
"Super mario odyssey - Vendita in Console e videogiochi - Subito.it | Fai 2 acquisti con TuttoSubito e sblocca una **spedizione a 0,99 €**. AccediNon hai ancora un account? alfa romeo giulia superharley dyna super glidemario kart 8 deluxe usatocassette super nintendosuper eroica fumettialfa 164 supersuper stradellacostume super mariosuper mario odyssey nintendo switchsuper mario land. # Super mario odyssey in Console e videogiochi. * nintendo switch super mario odyssey edition videogiochi. * giochi playstation 4 super mario. * super mario bros nintendo 64. * super mario all stars wii. ### Richerche simili. mercatino usato videogiochipes 6 ps2videogiochi Lecce provinciavideogiochi Vittoriapsp torinocaricabatterie nintendo dspaper mario wii uneed for speed rivalsvideogiochi Nuoro provinciaworld cup game boyrayman 3dspsp usatilips xbox 360impianto audio usato per discotecareflex nikon d7200ps4 videogiochi Napoli provinciacrash play 4mixer dj usativideogiochi Ventimigliasimulmondo videogiochi. 3. Ville singole e a schiera. 6. Loft, mansarde e altro. 8. Uffici e Locali commerciali. 3. Candidati in cerca di lavoro. per la casa e la persona. 3. Giardino e Fai da te. 5. Tutto per i bambini.",0
"Super mario odyssey nintendo switch - Vendita in Console e videogiochi - Subito.it | Fai 2 acquisti con TuttoSubito e sblocca una **spedizione a 0,99 €**. ## Ricerche  simili. costume super mariocontroller nintendo switch videogiochialfa romeo giulia supersuper stradellaharley dyna super glidemario kart 8 deluxe usatoalfa 164 supercassette super nintendonintendo action setsuper eroica fumetti. 3. super mario odyssey nintendo switch. # Super mario odyssey nintendo switch in Console e videogiochi. * super mario kart 8 nintendo switch. * super mario bros nintendo ds. * nintendo switch super smash bros. * super mario maker for nintendo 3ds. retro gamingmercatino usato videogiochivideogiochi Sassarivideogiochi Lecce provinciacrash play 4playstation 3 firenzefar cry 5 democlub nintendooverkill 3titanfall 2 ultimate editionconsole giochi portatilealimentatore nintendo 3ds xlplaystation mininintendo cartoneadvanced warfare ps4samsung 24samsung z flip usatoiphone 6 usato bolognanikon p950 usatanad bee. 3. Ville singole e a schiera. 6. Loft, mansarde e altro. 8. Uffici e Locali commerciali. 3. Candidati in cerca di lavoro. per la casa e la persona. 3. Giardino e Fai da te. 5. Tutto per i bambini.",0
"Super mario odyssey 2 - Vendita in Console e videogiochi - Subito.it | Fai 2 acquisti con TuttoSubito e sblocca una **spedizione a 0,99 €**. harley dyna super glidetm 300 2tmario kart 8 deluxe usatomotore 250 2tsuper eroica fumettihaval h2armadio 2 antecassette super nintendocitroen 2 cv charleston autojeans dsquared2 uomo. 3. super mario odyssey 2. # Super mario odyssey 2 in Console e videogiochi. ### Richerche simili. * super mario land 2 game boy. * giochi playstation 2 super mario. * nintendo 2ds new super mario bros 2. * super mario bros 1985 nintendo. * super mario bros nintendo switch. game boy advanceplaystation 4 anniversary editionconsole usatevideogiochi Sassarimercatino usato videogiochicrash play 4controller nintendo switch videogiochivideogiochi Squinzanopes 6 ps2ps4 videogiochi Napoli provinciazapperr4 nintendo ds videogiochipioneer ddj videogiochiplaystation 4 eurof1 2010 ps3tastiera ps3doom nintendo 64yo kai watch nintendo dsmotogp xbox 360tastiera xbox one. 3. Ville singole e a schiera. 6. Loft, mansarde e altro. 8. Uffici e Locali commerciali. 3. Candidati in cerca di lavoro. per la casa e la persona. 3. Giardino e Fai da te.",0
"Black Friday Deal: Metroid Dread Is $39.99 - IGN | # Black Friday Deal: Metroid Dread Is $39.99. There are a lot of Black Friday sales going on, so it can be hard to sift through it all to find the goods. Amazon has Samus Aran's latest mission, a.k.a. Metroid Dread for Nintendo Switch, **on sale for $39.99** for Black Friday. ## Metroid Dread Black Friday Deal. ### Metroid Dread. Eschewing the 3D pespective of the Metroid Prime series (and the 2.5D of the best-forgotten Metroid: Other M), Metroid Dread brings the alien surrounds back to their 2D roots. All you have to do is check out our 9/10 Metroid Dread review to see what the fuss is about. But instead, I’m incredibly happy to play a Metroid that is back at the top of its game.'. And if you're after more, check out all of the Nintendo Switch Black Friday deals. If you have other game consoles as well, why not look at all the best Black Friday video game deals? ## The Best Black Friday Sales and Deals.",0
"Black Friday Deal: Metroid Dread Is $39.99 - IGN | Metroid, Best black friday sales, Black friday | The latest (and fantastic) game in the Metroid series is Metroid Dread. It's out now for the Nintendo Switch, and it's on sale for $39.99 for Black Friday. Metroid Prime, Black Friday Video, Best Black Friday Sales, Best Black Friday, Metroid, Black Friday Deals, Black Friday Sale, Black Friday, Nintendo Switch. # Black Friday Deal: Metroid Dread Is $39.99. ## Comments. ## More about this Pin. ### Board containing this Pin. ### Related interests.",0
"Pre-owned BLACK FRIDAY SALE - Metroid Dread Nintendo Switch ... | Pre-owned BLACK FRIDAY SALE - Metroid Dread Nintendo Switch Game. -32% £16.99. Was: £24.99. Sorry, this product is out of stock.",0
"Amazon.com: DOOM Eternal: Deluxe Edition - Xbox One : Video Games | # Amazon.com: DOOM Eternal: Deluxe Edition - Xbox One : Video Games. *   Image 11: DOOM Eternal: Deluxe Edition - Xbox One. )The video showcases the product in use.The video guides you through product setup.The video compares multiple products.The video shows the product being unpacked. 1.   Image 17: DOOM Eternal: Standard Edition - Xbox OneDOOM Eternal: Standard Edition - Xbox OneBethesda  _4.5 out of 5 stars_ 481  Xbox One  $24.99$24.99   FREE Shipping on orders over $35 shipped by Amazon. 2.   Image 18: Doom: Eternal (Xbox One)Doom: Eternal (Xbox One)Bethesda  _4.5 out of 5 stars_ 2,034  Xbox One  $25.54$25.54  Get it as soon as **Sunday, Jun 21**  FREE Shipping on orders over $35 shipped by Amazon Only 8 left in stock - order soon. 4.   Image 20: Wolfenstein: The New Order - Xbox OneWolfenstein: The New Order - Xbox OneBethesda  _4.4 out of 5 stars_ 826  Xbox One  $28.99$28.99  Get it as soon as **Sunday, Jun 21**  FREE Shipping on orders over $35 shipped by Amazon Only 7 left in stock - order soon.",0
The Orange Box Steam Key GLOBAL - Cheap | The Orange Box is a bundle that includes five titles from Valve: Half-Life 2; Half-Life 2:Episode 1; Half-Life 2: Episode Two; Team Fortress 2,0
Fallout®: New Vegas™ Ultimate Edition Price History | New VegasTM Ultimate Edition Prices History $17.42 -$2.57. Steam 75% 0% $19.99 $19.99 +$15.00 : New Vegas - Ultimate Edition comes complete with all of the,0
"Fallout New Vegas Ultimate | PC Steam Game - Fanatical | New Vegas £7.82£8.99 New Vegas Ultimate £14.20. Platform: steam Release Date: February 23, 2012 £7.82 £8.99 -13% There are 2 editions.",0
Buy Fallout New Vegas - Ultimate Edition from the Humble Store | Fallout New Vegas - Ultimate Edition Product image $19.99 Save up to $3.00. Ultimate Edition is provided via Steam for . A free Steam account is required. Dead,0
Saldi Steam sulla saga Elder Scrolls: sconti fino a 75% | GAMES.GG | Approfitta dei saldi Steam sulla saga Elder Scrolls con sconti fino a 75% su titoli come Skyrim Anniversary Edition ed ESO. Bundle a $65.,0
[eShop/US] The Elder Scrolls V: Skyrim Anniversary Edition - Reddit | The switch 2 version is a free upgrade. The anniversary edition upgrade is on sale right now for 12$ vs 20$.,0
"67% di sconto su The Elder Scrolls V: Skyrim Anniversary Edition su ... | Include 2 articoli: Aggiornamento alla versione The Elder Scrolls V: Skyrim Anniversary, The Elder Scrolls V: Skyrim Sp",0
"40% GTA$ Shark Card Bonus Offer FAQ - Rockstar Games Customer Support | **What is the 40% GTA$ Shark Card Bonus Offer?**. Between November 17, 2025, and December 7, 2025, players who claim this offer can purchase a Great White, Whale, or Megalodon Shark Card to receive an additional 40% bonus GTA$. After activating the offer, the 40% GTA$ bonus requires qualifying players to sign in to their GTA Online account and purchase a qualifying Shark Card before January 7, 2026. If the account qualifies, a 40% GTA$ bonus will be applied to the qualifying Shark Card purchase. PlayStation 5 GTA+ Members can purchase qualifying GTA+ Shark Cards via the in-game storefront and using the link below:. PlayStation 5 and Xbox Series X|S players without a GTA+ Membership can purchase qualifying Shark Cards via the in-game storefront and using the links below:. PC players can purchase both qualifying Shark Cards and qualifying GTA+ Shark Cards, depending on their GTA+ Membership status, via the in-game storefront or through the Rockstar Store in the Rockstar Games Launcher and the link below:.",0
Shark Cards (GTA V) - Buy Cheap - G2A.COM | Enjoy the vast offer of gta v shark cards at the most attractive prices on the market. Don't overpay – buy cheap gta v shark cards on G2A.COM!,0
Buy Yakuza 0 Steam PC PS4 Xbox Switch 2 | CD Key from $19.99. Retail box from -. Account from $6.89. Extra Content ... Steam · Global. Global. Show similar offers. discount code -8.48% : DCG2AK1F7.,0
Yakuza 0: Director's Cut (PC) - Steam Key - GLOBAL | Get the best deals on Yakuza 0: Director's Cut (PC) - Steam Key - GLOBAL at the most attractive prices on the market. Don't overpay – buy cheap on G2A.COM!,0
Metal Gear Solid: Master Collection Vol.1 | Konami - GameStop | Metal Gear Solid: Master Collection Vol.1 ; Digital. $56.99 ; New. -$17.00 ; Pre-Owned. -$20.90.,0
METAL GEAR SOLID: MASTER COLLECTION Vol.1 PS4 & PS5 | METAL GEAR SOLID 3 · MGS3 - Master Collection Version. US$19.99 ; METAL GEAR SOLID 2 · MGS2 - Master Collection Version. US$19.99 ; METAL GEAR SOLID · MGS - Master,0
Metal Gear Solid: Master Collection Vol. 1 Playstation 5 | Metal Gear Solid: Master Collection Vol. 1 Playstation 5 ; $25.57 +$0.58 · volume: 1 sale per month ; $28.69 $0.00 · volume: 1 sale per day ; $29.98 -$0.52 · volume:,0
Undertale Steam Account | Global - Keycense | Log in using the provided Steam credentials. Check the account content to ensure everything is accurate. Secure the account by changing: Password: Go to “,0
"Save 75% on Undertale on Steam | Get the Steam Mobile App. All trademarks are property of their respective owners in the US and other countries. Link to the Steam Homepage. Install Steam sign in  |  language. The RPG game where you don't have to destroy anyone. Overwhelmingly Positive  (157,366)   - 96% of the 157,366 user reviews for this game are positive. English Reviews Overwhelmingly Positive (96% of 157,366) Recent Reviews:. Recent: Overwhelmingly Positive (96% of 2,919). Sign in to add this item to your wishlist, follow it, or mark it as ignored. “I have a couple of issues with the user interface.”. * If you play this game, can you count the dogs for me...? + **OS:** If you can run other games on Steam, it's probably OK. Recent Reviews in all languages: 2,919 Overwhelmingly Positive. You can use this widget-maker to generate a bit of HTML that can be embedded in your website to easily allow customers to purchase this game on Steam.",0
Undertale Steam Account | Buy cheap on Kinguin.net | Features · Use the credentials you received (directly or via an external website) and log into the account. · Make sure that the content on the account is,0
[eShop/USA] Hades - $6.24 (75% off) Ends 04/29/2026 | [eShop/USA] Hades Games Sale (up to 70% off) Ends 01/06/2026 · Hades II - What Is It? · [eShop/USA] Bloodless - $4.49 (70% off) Ends 04/2/2026 *,0
"Latest eShop deals: Save big on Hades, Mario + Rabbids ... | New Nintendo Switch promos with up to 90% off. Supergiant's otherworldly (or Underworldly?) roguelike Hades is 65% off in both regions. You can",0
Nintendo eShop Holiday Sale on MAJOR Games! (Hades ... | Nintendo has announced a major e-Shop promotion for this holiday season! Save up to 50% off on select Switch games from now until December,0
"Cuphead ya disponible en edición física para consolas - TikTok | #cuphead #amazonjapon. Keywords: unboxing de Cuphead en Amazon Japón, cómo comprar en Amazon Japón, Cuphead edición física en japonés, juego de",0
"Amazon.com: PlayStation 5 Console - Marvel’s Spider-Man 2 Bundle (slim) : Video Games | # Amazon.com: PlayStation 5 Console - Marvel’s Spider-Man 2 Bundle (slim) : Video Games. *   Image 7: PlayStation 5 Console - Marvel’s Spider-Man 2 Bundle (slim). 3.   Image 16: Marvel's Spider-Man: Miles Morales - PlayStation 5Marvel's Spider-Man: Miles Morales - PlayStation 5PlayStation  _4.7 out of 5 stars_ 1,490  PlayStation 5  $28.99$28.99  Get it as soon as **Monday, Jun 22**  FREE Shipping on orders over $35 shipped by Amazon Only 4 left in stock - order soon. 2.   Image 21: MARVEL’S SPIDER-MAN 2 – PS5 Standard EditionMARVEL’S SPIDER-MAN 2 – PS5 Standard EditionPlayStation  _4.8 out of 5 stars_ 1,409  PlayStation 5  _Amazon's Choice_  MSRPClick for details  Get it as soon as **Saturday, Jun 20**  FREE Shipping on orders over $35 shipped by Amazon. 3.   Image 22: Marvel's Avengers for PlayStation 4 with Free Upgrade to the Digital PS5 VersionMarvel's Avengers for PlayStation 4 with Free Upgrade to the Digital PS5 VersionSquare Enix  _4.4 out of 5 stars_ 10,554  PlayStation 4  $29.97$29.97  Get it as soon as **Saturday, Jun 20**  FREE Shipping on orders over $35 shipped by Amazon Only 3 left in stock - order soon.",0
"Spider-Man 2 Limited Edition PS5 Consoles, Accessories Still Available to Preorder - CNET | # Spider-Man 2 Limited Edition PS5 Consoles, Accessories Still Available to Preorder. Marvel's Spider-Man 2 is expected to be one of the biggest games of the year when it arrives in October, and Sony has announced a special PlayStation 5 and accessories to celebrate the occasion. The Marvel's Spider-Man 2 Limited Edition PS5 bundle') is a uniquely designed console and DualSense wireless controller based on the Venom symbiote featured in the game and retails for $600. ### Preorder Marvel's Spider-Man 2 Limited Edition PS5 Bundle. The bundle includes Marvel's Spider-Man 2 Limited Edition PS5 disc console, a DualSense controller and a digital voucher for Marvel's Spider-Man 2 for $600. ### Preorder Marvel's Spider-Man 2 Limited Edition DualSense Controller. Marvel's Spider-Man 2 Limited Edition DualSense Controller is priced at $80. ### Preorder Marvel's Spider-Man 2 Limited Edition Console Cover. The Marvel's Spider-Man 2 Limited Edition PS5 bundle, DualSense wireless controller and console covers are scheduled to be shipped on Sept.",0
Playstation 5 Slim Disc Edition [Marvel Spiderman 2 Bundle ... | Playstation 5 Slim Disc Edition [Marvel Spiderman 2 Bundle] Playstation 5 ; $373.23 +$0.39 · volume: 2 sales per week ; $414.32 $0.00 · volume: 1 sale per month,0
Anyone preorder FF7 rebirth on Amazon? : r/NintendoSwitch2 - Reddit | preordered the game for me. Anyone preorder FF7 rebirth on Amazon? Final Fantasy 7 Rebirth is $50 and 102GB. FF7 Rebirth on switch 2 has,0
Ffvii Rebirth - Amazon.com | Final Fantasy VII Rebirth - Exclusive Amazon Edition (PS5) Final Fantasy VII (11 books) Hardcover Pre-order Price Guarantee.,0
Final Fantasy VII Rebirth - Exclusive Amazon Edition (PS5) | The Amazon Exclusive Edition includes a limited edition FINAL FANTASY VII REBIRTH PS5 Controller Skin featuring Cloud and Sephiroth. with preorder bonus avital,0
"The deluxe edition for Dragons Dogma 2 is on sale for $40. Worth it? | I would only get it if it's cheaper than the base version, because it only gives you some early unlocks and I think some like bonus music tracks",0
Dragon's Dogma 2 Deluxe Edition – [global] Capcom Town Store | ### Genre. Street Fighter  Devil May Cry. Devil May Cry  Dragon’s Dogma. Dragon’s Dogma  Ace Attorney. ![[US]Dragon's Dogma 2 Deluxe Edition(Steam)](//us-store.captown.capcom.com/cdn/shop/files/Doragons_Dogma2_DX_Key_art_4e1907b0-8f43-4dd2-92f8-b8bebf1b2212.jpg? You must register to view this content. Log In To The Store. ## Sale | Build Your Bundle. [![[US]Onimusha: Warlords(Steam)](//us-store.captown.capcom.com/cdn/shop/files/Onimusha_Warlords_Key_art_US_4d9e4aff-cefb-4559-8ac6-2414c6356c05.jpg? [![[US]Onimusha 2: Samurai's Destiny(Steam)](//us-store.captown.capcom.com/cdn/shop/files/Onimusha_2_Key_art_US_cfda8cb1-5b5f-498a-bcc0-c4df40989428.jpg? [![[US]Ace Attorney Investigations Collection(Steam)](//us-store.captown.capcom.com/cdn/shop/files/1_2__Key_art_US_9b18a20e-3f11-43a6-be63-118e0ac79653.jpg? ### Ace Attorney Investigations Collection. [![[US]Phoenix Wright: Ace Attorney Trilogy(Steam)](//us-store.captown.capcom.com/cdn/shop/files/Phoenix_Wright_Ace_Attorney_Trilogy_Key_art_US_bbfd59a6-f19e-489e-a8e5-cfbfe5be0830.jpg? [![[US]Dead Rising(Steam)](//us-store.captown.capcom.com/cdn/shop/files/Dead_Rising_HD_Remaster_Key_art_US_c4813fd9-58cc-4d6d-a857-e290c991d0c9.jpg? [![[US]Dead Rising 2(Steam)](//us-store.captown.capcom.com/cdn/shop/files/Dead_Rising_2_dccaa13e-2224-473f-b99f-097cfa81f392.jpg? [![[US]Dead Rising 2 : Off The Record(Steam)](//us-store.captown.capcom.com/cdn/shop/files/Dead_Rising_2__Off_the_Record_2f108fdf-fe1b-4244-b217-47d72dc1ed1e.jpg? [![[US]Dead Rising 3 Apocalypse Edition(Steam)](//us-store.captown.capcom.com/cdn/shop/files/Dead_Rising_3_Apocalypse_Edition_60c6e551-1fb1-4ad2-8d59-9eecb1362705.jpg? [![[US]Dead Rising 4(Steam)](//us-store.captown.capcom.com/cdn/shop/files/Dead_Rising_4_Key_art_US_b91d32e2-8418-495a-b7c4-91fa146333f3.jpg? [![[US]Dead Rising 4: Frank's Big Package(Steam)](//us-store.captown.capcom.com/cdn/shop/files/Dead_Rising_4_Frank_s_Big_Package_Key_art_US_fb01c979-2fcf-4c37-a7ae-cb7dd13ff73b.jpg? [![[US]Devil May Cry 4 Special Edition(Steam)](//us-store.captown.capcom.com/cdn/shop/files/Devil_May_Cry_4_Special_Edition_0fdbba77-3ce1-40f1-9918-3ed119028970.jpg? ### Devil May Cry 4 Special Edition. [![[US]Devil May Cry 5 + Vergil(Steam)](//us-store.captown.capcom.com/cdn/shop/files/Devil_May_Cry_5_Vergil_Key_art_US_410fdd3a-753a-40c9-a74b-ed9e3dae1fb8.jpg? [![[US]DmC: Devil May Cry(Steam)](//us-store.captown.capcom.com/cdn/shop/files/DmC__Devil_May_Cry_bfbf8511-227f-41d2-b865-3873f910f5d4.jpg? [![[US]Dragon's Dogma 2(Steam)](//us-store.captown.capcom.com/cdn/shop/files/Dragon_s-Dogma-2_3820f996-2b2a-4ba8-b1e1-275bb07cce9d.jpg? ### Dragon's Dogma 2 Deluxe Edition. [![[US]Dragon's Dogma: Dark Arisen(Steam)](//us-store.captown.capcom.com/cdn/shop/files/Dragon_s_Dogma_Dark_Arisen_for_PC_Key_art_US_02d4fe8f-b807-4357-b606-d92840efcf24.jpg? [![[US]Capcom Fighting Collection(Steam)](//us-store.captown.capcom.com/cdn/shop/files/Capcom_Fighting_Collection_Key_art_US_a8c101bb-4acb-427f-89d4-2c8305ca714a.jpg? ### Dragon's Dogma 2. ## Recommended For You (Same Genre). [![[US]Dead Rising Deluxe Remaster Digital Deluxe(Steam)](//us-store.captown.capcom.com/cdn/shop/files/Dead_Rising_Deluxe_Remaster_Digital_Deluxe_Key_art_US_fdec641f-3aba-4cbf-9266-968a92a6f4d6.jpg? [![[US]Dead Rising Deluxe Remaster(Steam)](//us-store.captown.capcom.com/cdn/shop/files/Dead_Rising_Deluxe_Remaster_Key_art_US_66abd4f7-3298-4eef-9501-ef98aaaf28cd.jpg? [![[US]Devil May Cry 5 Deluxe + Vergil(Steam)](//us-store.captown.capcom.com/cdn/shop/files/Devil_May_Cry_5_Deluxe_Vergil_Key_art_US_f5025578-9217-4112-90e8-e72a5b03f6c8.jpg? ### Devil May Cry 5 Deluxe + Vergil.,0
"Helldivers 2 Super Credits For Sale - IGGM | 1000 Super Credits $2.52 Buy Now. Super Credits are the premium in-game currency that can be exchanged for a number of rare armor sets, weapons, emotes,",0
HELLDIVERS™ 2: 150 Super Credits - PlayStation Store | Fuel your valiant fight for freedom and democracy with a haul of 150 Super Credits. Spend your stash at the HELLDIVERS 2 in-game Superstore.,0
